"level","key","division","source_file","upstream_commit"
"district",10201,1331,"dist_ecoprov.inc","38548071d5aa652bb90c7f111f86b427f798a1c9"
"district",10203,1331,"dist_ecoprov.inc","38548071d5aa652bb90c7f111f86b427f798a1c9"
"district",10204,1331,"dist_ecoprov.inc","38548071d5aa652bb90c7f111f86b427f798a1c9"
"district",10206,1331,"dist_ecoprov.inc","38548071d5aa652bb90c7f111f86b427f798a1c9"
"district",10208,1331,"dist_ecoprov.inc","38548071d5aa652bb90c7f111f86b427f798a1c9"
"district",10301,1331,"dist_ecoprov.inc","38548071d5aa652bb90c7f111f86b427f798a1c9"
"district",10302,1331,"dist_ecoprov.inc","38548071d5aa652bb90c7f111f86b427f798a1c9"
"district",10303,1331,"dist_ecoprov.inc","38548071d5aa652bb90c7f111f86b427f798a1c9"
"district",10304,1331,"dist_ecoprov.inc","38548071d5aa652bb90c7f111f86b427f798a1c9"
"district",10403,1331,"dist_ecoprov.inc","38548071d5aa652bb90c7f111f86b427f798a1c9"
"district",10404,1331,"dist_ecoprov.inc","38548071d5aa652bb90c7f111f86b427f798a1c9"
"district",10406,1331,"dist_ecoprov.inc","38548071d5aa652bb90c7f111f86b427f798a1c9"
"district",10407,1331,"dist_ecoprov.inc","38548071d5aa652bb90c7f111f86b427f798a1c9"
"district",10408,1331,"dist_ecoprov.inc","38548071d5aa652bb90c7f111f86b427f798a1c9"
"district",11001,1331,"dist_ecoprov.inc","38548071d5aa652bb90c7f111f86b427f798a1c9"
"district",11004,1331,"dist_ecoprov.inc","38548071d5aa652bb90c7f111f86b427f798a1c9"
"district",11006,1331,"dist_ecoprov.inc","38548071d5aa652bb90c7f111f86b427f798a1c9"
"district",11007,1331,"dist_ecoprov.inc","38548071d5aa652bb90c7f111f86b427f798a1c9"
"district",11008,1331,"dist_ecoprov.inc","38548071d5aa652bb90c7f111f86b427f798a1c9"
"district",11103,1331,"dist_ecoprov.inc","38548071d5aa652bb90c7f111f86b427f798a1c9"
"district",11104,1331,"dist_ecoprov.inc","38548071d5aa652bb90c7f111f86b427f798a1c9"
"district",11106,1331,"dist_ecoprov.inc","38548071d5aa652bb90c7f111f86b427f798a1c9"
"district",11107,1331,"dist_ecoprov.inc","38548071d5aa652bb90c7f111f86b427f798a1c9"
"district",11182,1331,"dist_ecoprov.inc","38548071d5aa652bb90c7f111f86b427f798a1c9"
"district",11183,331,"dist_ecoprov.inc","38548071d5aa652bb90c7f111f86b427f798a1c9"
"district",11184,331,"dist_ecoprov.inc","38548071d5aa652bb90c7f111f86b427f798a1c9"
"district",11401,1331,"dist_ecoprov.inc","38548071d5aa652bb90c7f111f86b427f798a1c9"
"district",11403,1331,"dist_ecoprov.inc","38548071d5aa652bb90c7f111f86b427f798a1c9"
"district",11404,1331,"dist_ecoprov.inc","38548071d5aa652bb90c7f111f86b427f798a1c9"
"district",11405,1331,"dist_ecoprov.inc","38548071d5aa652bb90c7f111f86b427f798a1c9"
"district",11407,1331,"dist_ecoprov.inc","38548071d5aa652bb90c7f111f86b427f798a1c9"
"district",11501,1331,"dist_ecoprov.inc","38548071d5aa652bb90c7f111f86b427f798a1c9"
"district",11506,1331,"dist_ecoprov.inc","38548071d5aa652bb90c7f111f86b427f798a1c9"
"district",11507,1331,"dist_ecoprov.inc","38548071d5aa652bb90c7f111f86b427f798a1c9"
"district",11511,1331,"dist_ecoprov.inc","38548071d5aa652bb90c7f111f86b427f798a1c9"
"district",11512,1331,"dist_ecoprov.inc","38548071d5aa652bb90c7f111f86b427f798a1c9"
"district",11514,1331,"dist_ecoprov.inc","38548071d5aa652bb90c7f111f86b427f798a1c9"
"district",11603,1331,"dist_ecoprov.inc","38548071d5aa652bb90c7f111f86b427f798a1c9"
"district",11604,1331,"dist_ecoprov.inc","38548071d5aa652bb90c7f111f86b427f798a1c9"
"district",11605,1331,"dist_ecoprov.inc","38548071d5aa652bb90c7f111f86b427f798a1c9"
"district",11606,1331,"dist_ecoprov.inc","38548071d5aa652bb90c7f111f86b427f798a1c9"
"district",11607,1331,"dist_ecoprov.inc","38548071d5aa652bb90c7f111f86b427f798a1c9"
"district",11701,331,"dist_ecoprov.inc","38548071d5aa652bb90c7f111f86b427f798a1c9"
"district",11705,1331,"dist_ecoprov.inc","38548071d5aa652bb90c7f111f86b427f798a1c9"
"district",11706,1331,"dist_ecoprov.inc","38548071d5aa652bb90c7f111f86b427f798a1c9"
"district",11752,1331,"dist_ecoprov.inc","38548071d5aa652bb90c7f111f86b427f798a1c9"
"district",11753,1331,"dist_ecoprov.inc","38548071d5aa652bb90c7f111f86b427f798a1c9"
"district",11755,1331,"dist_ecoprov.inc","38548071d5aa652bb90c7f111f86b427f798a1c9"
"district",11801,251,"dist_ecoprov.inc","38548071d5aa652bb90c7f111f86b427f798a1c9"
"district",11806,331,"dist_ecoprov.inc","38548071d5aa652bb90c7f111f86b427f798a1c9"
"district",11807,331,"dist_ecoprov.inc","38548071d5aa652bb90c7f111f86b427f798a1c9"
"district",11808,331,"dist_ecoprov.inc","38548071d5aa652bb90c7f111f86b427f798a1c9"
"district",20201,1331,"dist_ecoprov.inc","38548071d5aa652bb90c7f111f86b427f798a1c9"
"district",20203,1331,"dist_ecoprov.inc","38548071d5aa652bb90c7f111f86b427f798a1c9"
"district",20206,1331,"dist_ecoprov.inc","38548071d5aa652bb90c7f111f86b427f798a1c9"
"district",20301,1331,"dist_ecoprov.inc","38548071d5aa652bb90c7f111f86b427f798a1c9"
"district",20303,1331,"dist_ecoprov.inc","38548071d5aa652bb90c7f111f86b427f798a1c9"
"district",20306,1331,"dist_ecoprov.inc","38548071d5aa652bb90c7f111f86b427f798a1c9"
"district",20308,1331,"dist_ecoprov.inc","38548071d5aa652bb90c7f111f86b427f798a1c9"
"district",20402,1331,"dist_ecoprov.inc","38548071d5aa652bb90c7f111f86b427f798a1c9"
"district",20405,1331,"dist_ecoprov.inc","38548071d5aa652bb90c7f111f86b427f798a1c9"
"district",20406,1331,"dist_ecoprov.inc","38548071d5aa652bb90c7f111f86b427f798a1c9"
"district",20407,1331,"dist_ecoprov.inc","38548071d5aa652bb90c7f111f86b427f798a1c9"
"district",20408,1331,"dist_ecoprov.inc","38548071d5aa652bb90c7f111f86b427f798a1c9"
"district",20601,1331,"dist_ecoprov.inc","38548071d5aa652bb90c7f111f86b427f798a1c9"
"district",20602,1331,"dist_ecoprov.inc","38548071d5aa652bb90c7f111f86b427f798a1c9"
"district",20603,1331,"dist_ecoprov.inc","38548071d5aa652bb90c7f111f86b427f798a1c9"
"district",20604,1331,"dist_ecoprov.inc","38548071d5aa652bb90c7f111f86b427f798a1c9"
"district",20605,1331,"dist_ecoprov.inc","38548071d5aa652bb90c7f111f86b427f798a1c9"
"district",20609,331,"dist_ecoprov.inc","38548071d5aa652bb90c7f111f86b427f798a1c9"
"district",20701,331,"dist_ecoprov.inc","38548071d5aa652bb90c7f111f86b427f798a1c9"
"district",20702,331,"dist_ecoprov.inc","38548071d5aa652bb90c7f111f86b427f798a1c9"
"district",20705,331,"dist_ecoprov.inc","38548071d5aa652bb90c7f111f86b427f798a1c9"
"district",20706,331,"dist_ecoprov.inc","38548071d5aa652bb90c7f111f86b427f798a1c9"
"district",20709,331,"dist_ecoprov.inc","38548071d5aa652bb90c7f111f86b427f798a1c9"
"district",20903,1331,"dist_ecoprov.inc","38548071d5aa652bb90c7f111f86b427f798a1c9"
"district",20904,1331,"dist_ecoprov.inc","38548071d5aa652bb90c7f111f86b427f798a1c9"
"district",20907,1331,"dist_ecoprov.inc","38548071d5aa652bb90c7f111f86b427f798a1c9"
"district",21001,1331,"dist_ecoprov.inc","38548071d5aa652bb90c7f111f86b427f798a1c9"
"district",21005,1331,"dist_ecoprov.inc","38548071d5aa652bb90c7f111f86b427f798a1c9"
"district",21006,331,"dist_ecoprov.inc","38548071d5aa652bb90c7f111f86b427f798a1c9"
"district",21007,1331,"dist_ecoprov.inc","38548071d5aa652bb90c7f111f86b427f798a1c9"
"district",21008,1331,"dist_ecoprov.inc","38548071d5aa652bb90c7f111f86b427f798a1c9"
"district",21201,1331,"dist_ecoprov.inc","38548071d5aa652bb90c7f111f86b427f798a1c9"
"district",21202,1331,"dist_ecoprov.inc","38548071d5aa652bb90c7f111f86b427f798a1c9"
"district",21203,1331,"dist_ecoprov.inc","38548071d5aa652bb90c7f111f86b427f798a1c9"
"district",21206,331,"dist_ecoprov.inc","38548071d5aa652bb90c7f111f86b427f798a1c9"
"district",21207,331,"dist_ecoprov.inc","38548071d5aa652bb90c7f111f86b427f798a1c9"
"district",21209,1331,"dist_ecoprov.inc","38548071d5aa652bb90c7f111f86b427f798a1c9"
"district",21210,1331,"dist_ecoprov.inc","38548071d5aa652bb90c7f111f86b427f798a1c9"
"district",21211,1331,"dist_ecoprov.inc","38548071d5aa652bb90c7f111f86b427f798a1c9"
"district",21305,1331,"dist_ecoprov.inc","38548071d5aa652bb90c7f111f86b427f798a1c9"
"district",21306,1331,"dist_ecoprov.inc","38548071d5aa652bb90c7f111f86b427f798a1c9"
"district",21308,1331,"dist_ecoprov.inc","38548071d5aa652bb90c7f111f86b427f798a1c9"
"district",21401,1331,"dist_ecoprov.inc","38548071d5aa652bb90c7f111f86b427f798a1c9"
"district",21402,1331,"dist_ecoprov.inc","38548071d5aa652bb90c7f111f86b427f798a1c9"
"district",21403,1331,"dist_ecoprov.inc","38548071d5aa652bb90c7f111f86b427f798a1c9"
"district",21404,1331,"dist_ecoprov.inc","38548071d5aa652bb90c7f111f86b427f798a1c9"
"district",21405,1331,"dist_ecoprov.inc","38548071d5aa652bb90c7f111f86b427f798a1c9"
"district",21501,1331,"dist_ecoprov.inc","38548071d5aa652bb90c7f111f86b427f798a1c9"
"district",21502,1331,"dist_ecoprov.inc","38548071d5aa652bb90c7f111f86b427f798a1c9"
"district",21503,1331,"dist_ecoprov.inc","38548071d5aa652bb90c7f111f86b427f798a1c9"
"district",21504,1331,"dist_ecoprov.inc","38548071d5aa652bb90c7f111f86b427f798a1c9"
"district",21507,1331,"dist_ecoprov.inc","38548071d5aa652bb90c7f111f86b427f798a1c9"
"district",21508,1331,"dist_ecoprov.inc","38548071d5aa652bb90c7f111f86b427f798a1c9"
"district",21510,1331,"dist_ecoprov.inc","38548071d5aa652bb90c7f111f86b427f798a1c9"
"district",30101,1311,"dist_ecoprov.inc","38548071d5aa652bb90c7f111f86b427f798a1c9"
"district",30102,1311,"dist_ecoprov.inc","38548071d5aa652bb90c7f111f86b427f798a1c9"
"district",30103,311,"dist_ecoprov.inc","38548071d5aa652bb90c7f111f86b427f798a1c9"
"district",30106,1311,"dist_ecoprov.inc","38548071d5aa652bb90c7f111f86b427f798a1c9"
"district",30107,1311,"dist_ecoprov.inc","38548071d5aa652bb90c7f111f86b427f798a1c9"
"district",30201,1331,"dist_ecoprov.inc","38548071d5aa652bb90c7f111f86b427f798a1c9"
"district",30202,1331,"dist_ecoprov.inc","38548071d5aa652bb90c7f111f86b427f798a1c9"
"district",30203,311,"dist_ecoprov.inc","38548071d5aa652bb90c7f111f86b427f798a1c9"
"district",30204,331,"dist_ecoprov.inc","38548071d5aa652bb90c7f111f86b427f798a1c9"
"district",30206,1331,"dist_ecoprov.inc","38548071d5aa652bb90c7f111f86b427f798a1c9"
"district",30207,331,"dist_ecoprov.inc","38548071d5aa652bb90c7f111f86b427f798a1c9"
"district",30302,1311,"dist_ecoprov.inc","38548071d5aa652bb90c7f111f86b427f798a1c9"
"district",30303,1311,"dist_ecoprov.inc","38548071d5aa652bb90c7f111f86b427f798a1c9"
"district",30304,1311,"dist_ecoprov.inc","38548071d5aa652bb90c7f111f86b427f798a1c9"
"district",30305,311,"dist_ecoprov.inc","38548071d5aa652bb90c7f111f86b427f798a1c9"
"district",30306,311,"dist_ecoprov.inc","38548071d5aa652bb90c7f111f86b427f798a1c9"
"district",30307,311,"dist_ecoprov.inc","38548071d5aa652bb90c7f111f86b427f798a1c9"
"district",30406,1311,"dist_ecoprov.inc","38548071d5aa652bb90c7f111f86b427f798a1c9"
"district",30407,1311,"dist_ecoprov.inc","38548071d5aa652bb90c7f111f86b427f798a1c9"
"district",30408,1311,"dist_ecoprov.inc","38548071d5aa652bb90c7f111f86b427f798a1c9"
"district",30501,323,"dist_ecoprov.inc","38548071d5aa652bb90c7f111f86b427f798a1c9"
"district",30502,323,"dist_ecoprov.inc","38548071d5aa652bb90c7f111f86b427f798a1c9"
"district",30503,323,"dist_ecoprov.inc","38548071d5aa652bb90c7f111f86b427f798a1c9"
"district",30504,323,"dist_ecoprov.inc","38548071d5aa652bb90c7f111f86b427f798a1c9"
"district",30505,323,"dist_ecoprov.inc","38548071d5aa652bb90c7f111f86b427f798a1c9"
"district",30602,1311,"dist_ecoprov.inc","38548071d5aa652bb90c7f111f86b427f798a1c9"
"district",30603,1311,"dist_ecoprov.inc","38548071d5aa652bb90c7f111f86b427f798a1c9"
"district",30604,1311,"dist_ecoprov.inc","38548071d5aa652bb90c7f111f86b427f798a1c9"
"district",30605,1311,"dist_ecoprov.inc","38548071d5aa652bb90c7f111f86b427f798a1c9"
"district",30606,1311,"dist_ecoprov.inc","38548071d5aa652bb90c7f111f86b427f798a1c9"
"district",30607,323,"dist_ecoprov.inc","38548071d5aa652bb90c7f111f86b427f798a1c9"
"district",30701,1311,"dist_ecoprov.inc","38548071d5aa652bb90c7f111f86b427f798a1c9"
"district",30703,311,"dist_ecoprov.inc","38548071d5aa652bb90c7f111f86b427f798a1c9"
"district",30704,311,"dist_ecoprov.inc","38548071d5aa652bb90c7f111f86b427f798a1c9"
"district",30801,1311,"dist_ecoprov.inc","38548071d5aa652bb90c7f111f86b427f798a1c9"
"district",30802,1311,"dist_ecoprov.inc","38548071d5aa652bb90c7f111f86b427f798a1c9"
"district",30803,1311,"dist_ecoprov.inc","38548071d5aa652bb90c7f111f86b427f798a1c9"
"district",30901,311,"dist_ecoprov.inc","38548071d5aa652bb90c7f111f86b427f798a1c9"
"district",30903,311,"dist_ecoprov.inc","38548071d5aa652bb90c7f111f86b427f798a1c9"
"district",30905,311,"dist_ecoprov.inc","38548071d5aa652bb90c7f111f86b427f798a1c9"
"district",31001,1311,"dist_ecoprov.inc","38548071d5aa652bb90c7f111f86b427f798a1c9"
"district",31002,1311,"dist_ecoprov.inc","38548071d5aa652bb90c7f111f86b427f798a1c9"
"district",31003,1331,"dist_ecoprov.inc","38548071d5aa652bb90c7f111f86b427f798a1c9"
"district",31005,1331,"dist_ecoprov.inc","38548071d5aa652bb90c7f111f86b427f798a1c9"
"district",31006,331,"dist_ecoprov.inc","38548071d5aa652bb90c7f111f86b427f798a1c9"
"district",31201,311,"dist_ecoprov.inc","38548071d5aa652bb90c7f111f86b427f798a1c9"
"district",31202,311,"dist_ecoprov.inc","38548071d5aa652bb90c7f111f86b427f798a1c9"
"district",31203,311,"dist_ecoprov.inc","38548071d5aa652bb90c7f111f86b427f798a1c9"
"district",31204,1311,"dist_ecoprov.inc","38548071d5aa652bb90c7f111f86b427f798a1c9"
"district",31205,1311,"dist_ecoprov.inc","38548071d5aa652bb90c7f111f86b427f798a1c9"
"district",31206,311,"dist_ecoprov.inc","38548071d5aa652bb90c7f111f86b427f798a1c9"
"district",40101,1331,"dist_ecoprov.inc","38548071d5aa652bb90c7f111f86b427f798a1c9"
"district",40102,1331,"dist_ecoprov.inc","38548071d5aa652bb90c7f111f86b427f798a1c9"
"district",40103,1331,"dist_ecoprov.inc","38548071d5aa652bb90c7f111f86b427f798a1c9"
"district",40104,1331,"dist_ecoprov.inc","38548071d5aa652bb90c7f111f86b427f798a1c9"
"district",40201,1331,"dist_ecoprov.inc","38548071d5aa652bb90c7f111f86b427f798a1c9"
"district",40203,1331,"dist_ecoprov.inc","38548071d5aa652bb90c7f111f86b427f798a1c9"
"district",40204,1331,"dist_ecoprov.inc","38548071d5aa652bb90c7f111f86b427f798a1c9"
"district",40205,1331,"dist_ecoprov.inc","38548071d5aa652bb90c7f111f86b427f798a1c9"
"district",40206,1331,"dist_ecoprov.inc","38548071d5aa652bb90c7f111f86b427f798a1c9"
"district",40301,1331,"dist_ecoprov.inc","38548071d5aa652bb90c7f111f86b427f798a1c9"
"district",40302,1331,"dist_ecoprov.inc","38548071d5aa652bb90c7f111f86b427f798a1c9"
"district",40303,1331,"dist_ecoprov.inc","38548071d5aa652bb90c7f111f86b427f798a1c9"
"district",40304,1331,"dist_ecoprov.inc","38548071d5aa652bb90c7f111f86b427f798a1c9"
"district",40306,1331,"dist_ecoprov.inc","38548071d5aa652bb90c7f111f86b427f798a1c9"
"district",40307,1331,"dist_ecoprov.inc","38548071d5aa652bb90c7f111f86b427f798a1c9"
"district",40701,341,"dist_ecoprov.inc","38548071d5aa652bb90c7f111f86b427f798a1c9"
"district",40702,1341,"dist_ecoprov.inc","38548071d5aa652bb90c7f111f86b427f798a1c9"
"district",40703,1341,"dist_ecoprov.inc","38548071d5aa652bb90c7f111f86b427f798a1c9"
"district",40704,1341,"dist_ecoprov.inc","38548071d5aa652bb90c7f111f86b427f798a1c9"
"district",40801,1341,"dist_ecoprov.inc","38548071d5aa652bb90c7f111f86b427f798a1c9"
"district",40802,1341,"dist_ecoprov.inc","38548071d5aa652bb90c7f111f86b427f798a1c9"
"district",40803,1341,"dist_ecoprov.inc","38548071d5aa652bb90c7f111f86b427f798a1c9"
"district",40804,1341,"dist_ecoprov.inc","38548071d5aa652bb90c7f111f86b427f798a1c9"
"district",41001,341,"dist_ecoprov.inc","38548071d5aa652bb90c7f111f86b427f798a1c9"
"district",41002,1341,"dist_ecoprov.inc","38548071d5aa652bb90c7f111f86b427f798a1c9"
"district",41003,1331,"dist_ecoprov.inc","38548071d5aa652bb90c7f111f86b427f798a1c9"
"district",41004,341,"dist_ecoprov.inc","38548071d5aa652bb90c7f111f86b427f798a1c9"
"district",41005,341,"dist_ecoprov.inc","38548071d5aa652bb90c7f111f86b427f798a1c9"
"district",41201,1331,"dist_ecoprov.inc","38548071d5aa652bb90c7f111f86b427f798a1c9"
"district",41202,341,"dist_ecoprov.inc","38548071d5aa652bb90c7f111f86b427f798a1c9"
"district",41203,1331,"dist_ecoprov.inc","38548071d5aa652bb90c7f111f86b427f798a1c9"
"district",41204,1331,"dist_ecoprov.inc","38548071d5aa652bb90c7f111f86b427f798a1c9"
"district",41206,1331,"dist_ecoprov.inc","38548071d5aa652bb90c7f111f86b427f798a1c9"
"district",41301,1331,"dist_ecoprov.inc","38548071d5aa652bb90c7f111f86b427f798a1c9"
"district",41302,1331,"dist_ecoprov.inc","38548071d5aa652bb90c7f111f86b427f798a1c9"
"district",41304,1331,"dist_ecoprov.inc","38548071d5aa652bb90c7f111f86b427f798a1c9"
"district",41306,1331,"dist_ecoprov.inc","38548071d5aa652bb90c7f111f86b427f798a1c9"
"district",41307,1331,"dist_ecoprov.inc","38548071d5aa652bb90c7f111f86b427f798a1c9"
"district",41308,1331,"dist_ecoprov.inc","38548071d5aa652bb90c7f111f86b427f798a1c9"
"district",41401,341,"dist_ecoprov.inc","38548071d5aa652bb90c7f111f86b427f798a1c9"
"district",41403,1331,"dist_ecoprov.inc","38548071d5aa652bb90c7f111f86b427f798a1c9"
"district",41404,1331,"dist_ecoprov.inc","38548071d5aa652bb90c7f111f86b427f798a1c9"
"district",41405,1331,"dist_ecoprov.inc","38548071d5aa652bb90c7f111f86b427f798a1c9"
"district",41551,1331,"dist_ecoprov.inc","38548071d5aa652bb90c7f111f86b427f798a1c9"
"district",41552,1331,"dist_ecoprov.inc","38548071d5aa652bb90c7f111f86b427f798a1c9"
"district",41553,1331,"dist_ecoprov.inc","38548071d5aa652bb90c7f111f86b427f798a1c9"
"district",41554,1331,"dist_ecoprov.inc","38548071d5aa652bb90c7f111f86b427f798a1c9"
"district",41555,1331,"dist_ecoprov.inc","38548071d5aa652bb90c7f111f86b427f798a1c9"
"district",41556,1331,"dist_ecoprov.inc","38548071d5aa652bb90c7f111f86b427f798a1c9"
"district",41557,341,"dist_ecoprov.inc","38548071d5aa652bb90c7f111f86b427f798a1c9"
"district",41701,1261,"dist_ecoprov.inc","38548071d5aa652bb90c7f111f86b427f798a1c9"
"district",41702,341,"dist_ecoprov.inc","38548071d5aa652bb90c7f111f86b427f798a1c9"
"district",41703,1341,"dist_ecoprov.inc","38548071d5aa652bb90c7f111f86b427f798a1c9"
"district",41705,323,"dist_ecoprov.inc","38548071d5aa652bb90c7f111f86b427f798a1c9"
"district",41706,341,"dist_ecoprov.inc","38548071d5aa652bb90c7f111f86b427f798a1c9"
"district",41709,1341,"dist_ecoprov.inc","38548071d5aa652bb90c7f111f86b427f798a1c9"
"district",41710,341,"dist_ecoprov.inc","38548071d5aa652bb90c7f111f86b427f798a1c9"
"district",41901,341,"dist_ecoprov.inc","38548071d5aa652bb90c7f111f86b427f798a1c9"
"district",41902,1331,"dist_ecoprov.inc","38548071d5aa652bb90c7f111f86b427f798a1c9"
"district",41903,1331,"dist_ecoprov.inc","38548071d5aa652bb90c7f111f86b427f798a1c9"
"district",41904,1331,"dist_ecoprov.inc","38548071d5aa652bb90c7f111f86b427f798a1c9"
"district",41906,1331,"dist_ecoprov.inc","38548071d5aa652bb90c7f111f86b427f798a1c9"
"district",41907,1331,"dist_ecoprov.inc","38548071d5aa652bb90c7f111f86b427f798a1c9"
"district",41908,1331,"dist_ecoprov.inc","38548071d5aa652bb90c7f111f86b427f798a1c9"
"district",50151,1261,"dist_ecoprov.inc","38548071d5aa652bb90c7f111f86b427f798a1c9"
"district",50152,1261,"dist_ecoprov.inc","38548071d5aa652bb90c7f111f86b427f798a1c9"
"district",50153,1261,"dist_ecoprov.inc","38548071d5aa652bb90c7f111f86b427f798a1c9"
"district",50252,1261,"dist_ecoprov.inc","38548071d5aa652bb90c7f111f86b427f798a1c9"
"district",50253,1261,"dist_ecoprov.inc","38548071d5aa652bb90c7f111f86b427f798a1c9"
"district",50254,1261,"dist_ecoprov.inc","38548071d5aa652bb90c7f111f86b427f798a1c9"
"district",50351,1261,"dist_ecoprov.inc","38548071d5aa652bb90c7f111f86b427f798a1c9"
"district",50353,1261,"dist_ecoprov.inc","38548071d5aa652bb90c7f111f86b427f798a1c9"
"district",50355,1261,"dist_ecoprov.inc","38548071d5aa652bb90c7f111f86b427f798a1c9"
"district",50356,1261,"dist_ecoprov.inc","38548071d5aa652bb90c7f111f86b427f798a1c9"
"district",50451,341,"dist_ecoprov.inc","38548071d5aa652bb90c7f111f86b427f798a1c9"
"district",50452,1261,"dist_ecoprov.inc","38548071d5aa652bb90c7f111f86b427f798a1c9"
"district",50453,341,"dist_ecoprov.inc","38548071d5aa652bb90c7f111f86b427f798a1c9"
"district",50454,1261,"dist_ecoprov.inc","38548071d5aa652bb90c7f111f86b427f798a1c9"
"district",50551,1261,"dist_ecoprov.inc","38548071d5aa652bb90c7f111f86b427f798a1c9"
"district",50552,1261,"dist_ecoprov.inc","38548071d5aa652bb90c7f111f86b427f798a1c9"
"district",50554,1261,"dist_ecoprov.inc","38548071d5aa652bb90c7f111f86b427f798a1c9"
"district",50555,1261,"dist_ecoprov.inc","38548071d5aa652bb90c7f111f86b427f798a1c9"
"district",50557,1261,"dist_ecoprov.inc","38548071d5aa652bb90c7f111f86b427f798a1c9"
"district",50558,1261,"dist_ecoprov.inc","38548071d5aa652bb90c7f111f86b427f798a1c9"
"district",50651,1261,"dist_ecoprov.inc","38548071d5aa652bb90c7f111f86b427f798a1c9"
"district",50653,1261,"dist_ecoprov.inc","38548071d5aa652bb90c7f111f86b427f798a1c9"
"district",50658,1261,"dist_ecoprov.inc","38548071d5aa652bb90c7f111f86b427f798a1c9"
"district",50751,263,"dist_ecoprov.inc","38548071d5aa652bb90c7f111f86b427f798a1c9"
"district",50753,1261,"dist_ecoprov.inc","38548071d5aa652bb90c7f111f86b427f798a1c9"
"district",50754,263,"dist_ecoprov.inc","38548071d5aa652bb90c7f111f86b427f798a1c9"
"district",50755,1261,"dist_ecoprov.inc","38548071d5aa652bb90c7f111f86b427f798a1c9"
"district",50757,1261,"dist_ecoprov.inc","38548071d5aa652bb90c7f111f86b427f798a1c9"
"district",50853,1261,"dist_ecoprov.inc","38548071d5aa652bb90c7f111f86b427f798a1c9"
"district",50854,1261,"dist_ecoprov.inc","38548071d5aa652bb90c7f111f86b427f798a1c9"
"district",50856,1261,"dist_ecoprov.inc","38548071d5aa652bb90c7f111f86b427f798a1c9"
"district",50953,1261,"dist_ecoprov.inc","38548071d5aa652bb90c7f111f86b427f798a1c9"
"district",50954,1261,"dist_ecoprov.inc","38548071d5aa652bb90c7f111f86b427f798a1c9"
"district",50955,1261,"dist_ecoprov.inc","38548071d5aa652bb90c7f111f86b427f798a1c9"
"district",50956,1261,"dist_ecoprov.inc","38548071d5aa652bb90c7f111f86b427f798a1c9"
"district",51051,1261,"dist_ecoprov.inc","38548071d5aa652bb90c7f111f86b427f798a1c9"
"district",51052,1261,"dist_ecoprov.inc","38548071d5aa652bb90c7f111f86b427f798a1c9"
"district",51053,1261,"dist_ecoprov.inc","38548071d5aa652bb90c7f111f86b427f798a1c9"
"district",51054,1261,"dist_ecoprov.inc","38548071d5aa652bb90c7f111f86b427f798a1c9"
"district",51101,1261,"dist_ecoprov.inc","38548071d5aa652bb90c7f111f86b427f798a1c9"
"district",51102,1261,"dist_ecoprov.inc","38548071d5aa652bb90c7f111f86b427f798a1c9"
"district",51103,1261,"dist_ecoprov.inc","38548071d5aa652bb90c7f111f86b427f798a1c9"
"district",51252,1261,"dist_ecoprov.inc","38548071d5aa652bb90c7f111f86b427f798a1c9"
"district",51253,1261,"dist_ecoprov.inc","38548071d5aa652bb90c7f111f86b427f798a1c9"
"district",51255,1261,"dist_ecoprov.inc","38548071d5aa652bb90c7f111f86b427f798a1c9"
"district",51351,1261,"dist_ecoprov.inc","38548071d5aa652bb90c7f111f86b427f798a1c9"
"district",51352,1261,"dist_ecoprov.inc","38548071d5aa652bb90c7f111f86b427f798a1c9"
"district",51354,1261,"dist_ecoprov.inc","38548071d5aa652bb90c7f111f86b427f798a1c9"
"district",51451,1261,"dist_ecoprov.inc","38548071d5aa652bb90c7f111f86b427f798a1c9"
"district",51452,1261,"dist_ecoprov.inc","38548071d5aa652bb90c7f111f86b427f798a1c9"
"district",51454,1261,"dist_ecoprov.inc","38548071d5aa652bb90c7f111f86b427f798a1c9"
"district",51456,1261,"dist_ecoprov.inc","38548071d5aa652bb90c7f111f86b427f798a1c9"
"district",51458,1261,"dist_ecoprov.inc","38548071d5aa652bb90c7f111f86b427f798a1c9"
"district",51459,1261,"dist_ecoprov.inc","38548071d5aa652bb90c7f111f86b427f798a1c9"
"district",51461,1261,"dist_ecoprov.inc","38548071d5aa652bb90c7f111f86b427f798a1c9"
"district",51553,1261,"dist_ecoprov.inc","38548071d5aa652bb90c7f111f86b427f798a1c9"
"district",51555,1261,"dist_ecoprov.inc","38548071d5aa652bb90c7f111f86b427f798a1c9"
"district",51651,1261,"dist_ecoprov.inc","38548071d5aa652bb90c7f111f86b427f798a1c9"
"district",51652,1261,"dist_ecoprov.inc","38548071d5aa652bb90c7f111f86b427f798a1c9"
"district",51653,1261,"dist_ecoprov.inc","38548071d5aa652bb90c7f111f86b427f798a1c9"
"district",51654,1261,"dist_ecoprov.inc","38548071d5aa652bb90c7f111f86b427f798a1c9"
"district",51753,1261,"dist_ecoprov.inc","38548071d5aa652bb90c7f111f86b427f798a1c9"
"district",51754,1261,"dist_ecoprov.inc","38548071d5aa652bb90c7f111f86b427f798a1c9"
"district",51756,1261,"dist_ecoprov.inc","38548071d5aa652bb90c7f111f86b427f798a1c9"
"district",51757,1261,"dist_ecoprov.inc","38548071d5aa652bb90c7f111f86b427f798a1c9"
"district",51953,1261,"dist_ecoprov.inc","38548071d5aa652bb90c7f111f86b427f798a1c9"
"district",60101,1242,"dist_ecoprov.inc","38548071d5aa652bb90c7f111f86b427f798a1c9"
"district",60102,1242,"dist_ecoprov.inc","38548071d5aa652bb90c7f111f86b427f798a1c9"
"district",60105,1242,"dist_ecoprov.inc","38548071d5aa652bb90c7f111f86b427f798a1c9"
"district",60201,1242,"dist_ecoprov.inc","38548071d5aa652bb90c7f111f86b427f798a1c9"
"district",60202,1261,"dist_ecoprov.inc","38548071d5aa652bb90c7f111f86b427f798a1c9"
"district",60203,1242,"dist_ecoprov.inc","38548071d5aa652bb90c7f111f86b427f798a1c9"
"district",60204,1242,"dist_ecoprov.inc","38548071d5aa652bb90c7f111f86b427f798a1c9"
"district",60211,1242,"dist_ecoprov.inc","38548071d5aa652bb90c7f111f86b427f798a1c9"
"district",60212,1242,"dist_ecoprov.inc","38548071d5aa652bb90c7f111f86b427f798a1c9"
"district",60213,1261,"dist_ecoprov.inc","38548071d5aa652bb90c7f111f86b427f798a1c9"
"district",60301,1242,"dist_ecoprov.inc","38548071d5aa652bb90c7f111f86b427f798a1c9"
"district",60303,1242,"dist_ecoprov.inc","38548071d5aa652bb90c7f111f86b427f798a1c9"
"district",60305,1242,"dist_ecoprov.inc","38548071d5aa652bb90c7f111f86b427f798a1c9"
"district",60401,1331,"dist_ecoprov.inc","38548071d5aa652bb90c7f111f86b427f798a1c9"
"district",60402,1331,"dist_ecoprov.inc","38548071d5aa652bb90c7f111f86b427f798a1c9"
"district",60404,1331,"dist_ecoprov.inc","38548071d5aa652bb90c7f111f86b427f798a1c9"
"district",60501,1242,"dist_ecoprov.inc","38548071d5aa652bb90c7f111f86b427f798a1c9"
"district",60502,1242,"dist_ecoprov.inc","38548071d5aa652bb90c7f111f86b427f798a1c9"
"district",60505,1242,"dist_ecoprov.inc","38548071d5aa652bb90c7f111f86b427f798a1c9"
"district",60506,1242,"dist_ecoprov.inc","38548071d5aa652bb90c7f111f86b427f798a1c9"
"district",60601,1242,"dist_ecoprov.inc","38548071d5aa652bb90c7f111f86b427f798a1c9"
"district",60605,1242,"dist_ecoprov.inc","38548071d5aa652bb90c7f111f86b427f798a1c9"
"district",60606,1242,"dist_ecoprov.inc","38548071d5aa652bb90c7f111f86b427f798a1c9"
"district",60609,1242,"dist_ecoprov.inc","38548071d5aa652bb90c7f111f86b427f798a1c9"
"district",60701,1331,"dist_ecoprov.inc","38548071d5aa652bb90c7f111f86b427f798a1c9"
"district",60702,1331,"dist_ecoprov.inc","38548071d5aa652bb90c7f111f86b427f798a1c9"
"district",60705,341,"dist_ecoprov.inc","38548071d5aa652bb90c7f111f86b427f798a1c9"
"district",60901,1242,"dist_ecoprov.inc","38548071d5aa652bb90c7f111f86b427f798a1c9"
"district",60902,1242,"dist_ecoprov.inc","38548071d5aa652bb90c7f111f86b427f798a1c9"
"district",60903,1242,"dist_ecoprov.inc","38548071d5aa652bb90c7f111f86b427f798a1c9"
"district",60905,1242,"dist_ecoprov.inc","38548071d5aa652bb90c7f111f86b427f798a1c9"
"district",61020,1261,"dist_ecoprov.inc","38548071d5aa652bb90c7f111f86b427f798a1c9"
"district",61022,1261,"dist_ecoprov.inc","38548071d5aa652bb90c7f111f86b427f798a1c9"
"district",61024,1242,"dist_ecoprov.inc","38548071d5aa652bb90c7f111f86b427f798a1c9"
"district",61026,1261,"dist_ecoprov.inc","38548071d5aa652bb90c7f111f86b427f798a1c9"
"district",61028,1261,"dist_ecoprov.inc","38548071d5aa652bb90c7f111f86b427f798a1c9"
"district",61201,1242,"dist_ecoprov.inc","38548071d5aa652bb90c7f111f86b427f798a1c9"
"district",61208,1242,"dist_ecoprov.inc","38548071d5aa652bb90c7f111f86b427f798a1c9"
"district",61402,341,"dist_ecoprov.inc","38548071d5aa652bb90c7f111f86b427f798a1c9"
"district",61404,1331,"dist_ecoprov.inc","38548071d5aa652bb90c7f111f86b427f798a1c9"
"district",61405,1331,"dist_ecoprov.inc","38548071d5aa652bb90c7f111f86b427f798a1c9"
"district",61406,1331,"dist_ecoprov.inc","38548071d5aa652bb90c7f111f86b427f798a1c9"
"district",61501,1242,"dist_ecoprov.inc","38548071d5aa652bb90c7f111f86b427f798a1c9"
"district",61502,1261,"dist_ecoprov.inc","38548071d5aa652bb90c7f111f86b427f798a1c9"
"district",61503,1242,"dist_ecoprov.inc","38548071d5aa652bb90c7f111f86b427f798a1c9"
"district",61506,1242,"dist_ecoprov.inc","38548071d5aa652bb90c7f111f86b427f798a1c9"
"district",61631,1331,"dist_ecoprov.inc","38548071d5aa652bb90c7f111f86b427f798a1c9"
"district",61602,1331,"dist_ecoprov.inc","38548071d5aa652bb90c7f111f86b427f798a1c9"
"district",61604,1331,"dist_ecoprov.inc","38548071d5aa652bb90c7f111f86b427f798a1c9"
"district",61605,1331,"dist_ecoprov.inc","38548071d5aa652bb90c7f111f86b427f798a1c9"
"district",61606,1331,"dist_ecoprov.inc","38548071d5aa652bb90c7f111f86b427f798a1c9"
"district",61702,1242,"dist_ecoprov.inc","38548071d5aa652bb90c7f111f86b427f798a1c9"
"district",61703,1242,"dist_ecoprov.inc","38548071d5aa652bb90c7f111f86b427f798a1c9"
"district",61704,1242,"dist_ecoprov.inc","38548071d5aa652bb90c7f111f86b427f798a1c9"
"district",61705,1242,"dist_ecoprov.inc","38548071d5aa652bb90c7f111f86b427f798a1c9"
"district",61707,1242,"dist_ecoprov.inc","38548071d5aa652bb90c7f111f86b427f798a1c9"
"district",61708,1242,"dist_ecoprov.inc","38548071d5aa652bb90c7f111f86b427f798a1c9"
"district",61801,1242,"dist_ecoprov.inc","38548071d5aa652bb90c7f111f86b427f798a1c9"
"district",61803,1242,"dist_ecoprov.inc","38548071d5aa652bb90c7f111f86b427f798a1c9"
"district",61804,1242,"dist_ecoprov.inc","38548071d5aa652bb90c7f111f86b427f798a1c9"
"district",61805,1242,"dist_ecoprov.inc","38548071d5aa652bb90c7f111f86b427f798a1c9"
"district",62103,1331,"dist_ecoprov.inc","38548071d5aa652bb90c7f111f86b427f798a1c9"
"district",62104,1331,"dist_ecoprov.inc","38548071d5aa652bb90c7f111f86b427f798a1c9"
"district",62105,1331,"dist_ecoprov.inc","38548071d5aa652bb90c7f111f86b427f798a1c9"
"district",62109,1331,"dist_ecoprov.inc","38548071d5aa652bb90c7f111f86b427f798a1c9"
"district",62112,1331,"dist_ecoprov.inc","38548071d5aa652bb90c7f111f86b427f798a1c9"
"district",80101,231,"dist_ecoprov.inc","38548071d5aa652bb90c7f111f86b427f798a1c9"
"district",80103,231,"dist_ecoprov.inc","38548071d5aa652bb90c7f111f86b427f798a1c9"
"district",80104,231,"dist_ecoprov.inc","38548071d5aa652bb90c7f111f86b427f798a1c9"
"district",80105,231,"dist_ecoprov.inc","38548071d5aa652bb90c7f111f86b427f798a1c9"
"district",80106,231,"dist_ecoprov.inc","38548071d5aa652bb90c7f111f86b427f798a1c9"
"district",80107,231,"dist_ecoprov.inc","38548071d5aa652bb90c7f111f86b427f798a1c9"
"district",80211,221,"dist_ecoprov.inc","38548071d5aa652bb90c7f111f86b427f798a1c9"
"district",80214,221,"dist_ecoprov.inc","38548071d5aa652bb90c7f111f86b427f798a1c9"
"district",80216,221,"dist_ecoprov.inc","38548071d5aa652bb90c7f111f86b427f798a1c9"
"district",80217,221,"dist_ecoprov.inc","38548071d5aa652bb90c7f111f86b427f798a1c9"
"district",80301,231,"dist_ecoprov.inc","38548071d5aa652bb90c7f111f86b427f798a1c9"
"district",80302,1221,"dist_ecoprov.inc","38548071d5aa652bb90c7f111f86b427f798a1c9"
"district",80306,1221,"dist_ecoprov.inc","38548071d5aa652bb90c7f111f86b427f798a1c9"
"district",80308,231,"dist_ecoprov.inc","38548071d5aa652bb90c7f111f86b427f798a1c9"
"district",80402,1221,"dist_ecoprov.inc","38548071d5aa652bb90c7f111f86b427f798a1c9"
"district",80403,221,"dist_ecoprov.inc","38548071d5aa652bb90c7f111f86b427f798a1c9"
"district",80404,221,"dist_ecoprov.inc","38548071d5aa652bb90c7f111f86b427f798a1c9"
"district",80406,1221,"dist_ecoprov.inc","38548071d5aa652bb90c7f111f86b427f798a1c9"
"district",80501,231,"dist_ecoprov.inc","38548071d5aa652bb90c7f111f86b427f798a1c9"
"district",80502,231,"dist_ecoprov.inc","38548071d5aa652bb90c7f111f86b427f798a1c9"
"district",80504,231,"dist_ecoprov.inc","38548071d5aa652bb90c7f111f86b427f798a1c9"
"district",80505,231,"dist_ecoprov.inc","38548071d5aa652bb90c7f111f86b427f798a1c9"
"district",80506,231,"dist_ecoprov.inc","38548071d5aa652bb90c7f111f86b427f798a1c9"
"district",80601,231,"dist_ecoprov.inc","38548071d5aa652bb90c7f111f86b427f798a1c9"
"district",80602,231,"dist_ecoprov.inc","38548071d5aa652bb90c7f111f86b427f798a1c9"
"district",80603,231,"dist_ecoprov.inc","38548071d5aa652bb90c7f111f86b427f798a1c9"
"district",80604,231,"dist_ecoprov.inc","38548071d5aa652bb90c7f111f86b427f798a1c9"
"district",80608,231,"dist_ecoprov.inc","38548071d5aa652bb90c7f111f86b427f798a1c9"
"district",80701,231,"dist_ecoprov.inc","38548071d5aa652bb90c7f111f86b427f798a1c9"
"district",80702,231,"dist_ecoprov.inc","38548071d5aa652bb90c7f111f86b427f798a1c9"
"district",80704,231,"dist_ecoprov.inc","38548071d5aa652bb90c7f111f86b427f798a1c9"
"district",80705,231,"dist_ecoprov.inc","38548071d5aa652bb90c7f111f86b427f798a1c9"
"district",80706,231,"dist_ecoprov.inc","38548071d5aa652bb90c7f111f86b427f798a1c9"
"district",80707,231,"dist_ecoprov.inc","38548071d5aa652bb90c7f111f86b427f798a1c9"
"district",80717,231,"dist_ecoprov.inc","38548071d5aa652bb90c7f111f86b427f798a1c9"
"district",80802,1221,"dist_ecoprov.inc","38548071d5aa652bb90c7f111f86b427f798a1c9"
"district",80803,1221,"dist_ecoprov.inc","38548071d5aa652bb90c7f111f86b427f798a1c9"
"district",80804,1221,"dist_ecoprov.inc","38548071d5aa652bb90c7f111f86b427f798a1c9"
"district",80806,1221,"dist_ecoprov.inc","38548071d5aa652bb90c7f111f86b427f798a1c9"
"district",80811,1221,"dist_ecoprov.inc","38548071d5aa652bb90c7f111f86b427f798a1c9"
"district",80812,221,"dist_ecoprov.inc","38548071d5aa652bb90c7f111f86b427f798a1c9"
"district",80813,1221,"dist_ecoprov.inc","38548071d5aa652bb90c7f111f86b427f798a1c9"
"district",80814,1221,"dist_ecoprov.inc","38548071d5aa652bb90c7f111f86b427f798a1c9"
"district",80901,231,"dist_ecoprov.inc","38548071d5aa652bb90c7f111f86b427f798a1c9"
"district",80902,1231,"dist_ecoprov.inc","38548071d5aa652bb90c7f111f86b427f798a1c9"
"district",80903,231,"dist_ecoprov.inc","38548071d5aa652bb90c7f111f86b427f798a1c9"
"district",80904,231,"dist_ecoprov.inc","38548071d5aa652bb90c7f111f86b427f798a1c9"
"district",80905,1231,"dist_ecoprov.inc","38548071d5aa652bb90c7f111f86b427f798a1c9"
"district",80906,1231,"dist_ecoprov.inc","38548071d5aa652bb90c7f111f86b427f798a1c9"
"district",80907,1231,"dist_ecoprov.inc","38548071d5aa652bb90c7f111f86b427f798a1c9"
"district",80908,1231,"dist_ecoprov.inc","38548071d5aa652bb90c7f111f86b427f798a1c9"
"district",80909,231,"dist_ecoprov.inc","38548071d5aa652bb90c7f111f86b427f798a1c9"
"district",80910,1231,"dist_ecoprov.inc","38548071d5aa652bb90c7f111f86b427f798a1c9"
"district",80911,1231,"dist_ecoprov.inc","38548071d5aa652bb90c7f111f86b427f798a1c9"
"district",80912,1231,"dist_ecoprov.inc","38548071d5aa652bb90c7f111f86b427f798a1c9"
"district",81001,221,"dist_ecoprov.inc","38548071d5aa652bb90c7f111f86b427f798a1c9"
"district",81002,1221,"dist_ecoprov.inc","38548071d5aa652bb90c7f111f86b427f798a1c9"
"district",81003,1221,"dist_ecoprov.inc","38548071d5aa652bb90c7f111f86b427f798a1c9"
"district",81004,1221,"dist_ecoprov.inc","38548071d5aa652bb90c7f111f86b427f798a1c9"
"district",81005,1221,"dist_ecoprov.inc","38548071d5aa652bb90c7f111f86b427f798a1c9"
"district",81006,231,"dist_ecoprov.inc","38548071d5aa652bb90c7f111f86b427f798a1c9"
"district",81007,231,"dist_ecoprov.inc","38548071d5aa652bb90c7f111f86b427f798a1c9"
"district",81102,1221,"dist_ecoprov.inc","38548071d5aa652bb90c7f111f86b427f798a1c9"
"district",81103,231,"dist_ecoprov.inc","38548071d5aa652bb90c7f111f86b427f798a1c9"
"district",81104,1221,"dist_ecoprov.inc","38548071d5aa652bb90c7f111f86b427f798a1c9"
"district",81105,1221,"dist_ecoprov.inc","38548071d5aa652bb90c7f111f86b427f798a1c9"
"district",81107,1221,"dist_ecoprov.inc","38548071d5aa652bb90c7f111f86b427f798a1c9"
"district",81109,1221,"dist_ecoprov.inc","38548071d5aa652bb90c7f111f86b427f798a1c9"
"district",81110,231,"dist_ecoprov.inc","38548071d5aa652bb90c7f111f86b427f798a1c9"
"district",81111,1221,"dist_ecoprov.inc","38548071d5aa652bb90c7f111f86b427f798a1c9"
"district",81202,1221,"dist_ecoprov.inc","38548071d5aa652bb90c7f111f86b427f798a1c9"
"district",81203,231,"dist_ecoprov.inc","38548071d5aa652bb90c7f111f86b427f798a1c9"
"district",81204,231,"dist_ecoprov.inc","38548071d5aa652bb90c7f111f86b427f798a1c9"
"district",81205,231,"dist_ecoprov.inc","38548071d5aa652bb90c7f111f86b427f798a1c9"
"district",81301,231,"dist_ecoprov.inc","38548071d5aa652bb90c7f111f86b427f798a1c9"
"district",81303,231,"dist_ecoprov.inc","38548071d5aa652bb90c7f111f86b427f798a1c9"
"district",81304,231,"dist_ecoprov.inc","38548071d5aa652bb90c7f111f86b427f798a1c9"
"district",81307,231,"dist_ecoprov.inc","38548071d5aa652bb90c7f111f86b427f798a1c9"
"district",81308,251,"dist_ecoprov.inc","38548071d5aa652bb90c7f111f86b427f798a1c9"
"district",81601,411,"dist_ecoprov.inc","38548071d5aa652bb90c7f111f86b427f798a1c9"
"district",90301,211,"dist_ecoprov.inc","38548071d5aa652bb90c7f111f86b427f798a1c9"
"district",90302,211,"dist_ecoprov.inc","38548071d5aa652bb90c7f111f86b427f798a1c9"
"district",90303,211,"dist_ecoprov.inc","38548071d5aa652bb90c7f111f86b427f798a1c9"
"district",90401,211,"dist_ecoprov.inc","38548071d5aa652bb90c7f111f86b427f798a1c9"
"district",90402,211,"dist_ecoprov.inc","38548071d5aa652bb90c7f111f86b427f798a1c9"
"district",90403,211,"dist_ecoprov.inc","38548071d5aa652bb90c7f111f86b427f798a1c9"
"district",90404,211,"dist_ecoprov.inc","38548071d5aa652bb90c7f111f86b427f798a1c9"
"district",90405,211,"dist_ecoprov.inc","38548071d5aa652bb90c7f111f86b427f798a1c9"
"district",90406,211,"dist_ecoprov.inc","38548071d5aa652bb90c7f111f86b427f798a1c9"
"district",90407,211,"dist_ecoprov.inc","38548071d5aa652bb90c7f111f86b427f798a1c9"
"district",90503,221,"dist_ecoprov.inc","38548071d5aa652bb90c7f111f86b427f798a1c9"
"district",90504,221,"dist_ecoprov.inc","38548071d5aa652bb90c7f111f86b427f798a1c9"
"district",90505,221,"dist_ecoprov.inc","38548071d5aa652bb90c7f111f86b427f798a1c9"
"district",90507,221,"dist_ecoprov.inc","38548071d5aa652bb90c7f111f86b427f798a1c9"
"district",90521,221,"dist_ecoprov.inc","38548071d5aa652bb90c7f111f86b427f798a1c9"
"district",90523,221,"dist_ecoprov.inc","38548071d5aa652bb90c7f111f86b427f798a1c9"
"district",90701,211,"dist_ecoprov.inc","38548071d5aa652bb90c7f111f86b427f798a1c9"
"district",90702,211,"dist_ecoprov.inc","38548071d5aa652bb90c7f111f86b427f798a1c9"
"district",90703,211,"dist_ecoprov.inc","38548071d5aa652bb90c7f111f86b427f798a1c9"
"district",90704,211,"dist_ecoprov.inc","38548071d5aa652bb90c7f111f86b427f798a1c9"
"district",90705,211,"dist_ecoprov.inc","38548071d5aa652bb90c7f111f86b427f798a1c9"
"district",90706,211,"dist_ecoprov.inc","38548071d5aa652bb90c7f111f86b427f798a1c9"
"district",90802,221,"dist_ecoprov.inc","38548071d5aa652bb90c7f111f86b427f798a1c9"
"district",90804,221,"dist_ecoprov.inc","38548071d5aa652bb90c7f111f86b427f798a1c9"
"district",90901,211,"dist_ecoprov.inc","38548071d5aa652bb90c7f111f86b427f798a1c9"
"district",90902,211,"dist_ecoprov.inc","38548071d5aa652bb90c7f111f86b427f798a1c9"
"district",90905,211,"dist_ecoprov.inc","38548071d5aa652bb90c7f111f86b427f798a1c9"
"district",90906,211,"dist_ecoprov.inc","38548071d5aa652bb90c7f111f86b427f798a1c9"
"district",90907,211,"dist_ecoprov.inc","38548071d5aa652bb90c7f111f86b427f798a1c9"
"district",91001,211,"dist_ecoprov.inc","38548071d5aa652bb90c7f111f86b427f798a1c9"
"district",91002,211,"dist_ecoprov.inc","38548071d5aa652bb90c7f111f86b427f798a1c9"
"district",91003,211,"dist_ecoprov.inc","38548071d5aa652bb90c7f111f86b427f798a1c9"
"district",91004,211,"dist_ecoprov.inc","38548071d5aa652bb90c7f111f86b427f798a1c9"
"district",91005,211,"dist_ecoprov.inc","38548071d5aa652bb90c7f111f86b427f798a1c9"
"district",91202,221,"dist_ecoprov.inc","38548071d5aa652bb90c7f111f86b427f798a1c9"
"district",91204,221,"dist_ecoprov.inc","38548071d5aa652bb90c7f111f86b427f798a1c9"
"district",91301,211,"dist_ecoprov.inc","38548071d5aa652bb90c7f111f86b427f798a1c9"
"district",91302,211,"dist_ecoprov.inc","38548071d5aa652bb90c7f111f86b427f798a1c9"
"district",91303,211,"dist_ecoprov.inc","38548071d5aa652bb90c7f111f86b427f798a1c9"
"district",91304,211,"dist_ecoprov.inc","38548071d5aa652bb90c7f111f86b427f798a1c9"
"district",91305,211,"dist_ecoprov.inc","38548071d5aa652bb90c7f111f86b427f798a1c9"
"district",91401,221,"dist_ecoprov.inc","38548071d5aa652bb90c7f111f86b427f798a1c9"
"district",91403,221,"dist_ecoprov.inc","38548071d5aa652bb90c7f111f86b427f798a1c9"
"district",91902,211,"dist_ecoprov.inc","38548071d5aa652bb90c7f111f86b427f798a1c9"
"district",91903,211,"dist_ecoprov.inc","38548071d5aa652bb90c7f111f86b427f798a1c9"
"district",92001,1211,"dist_ecoprov.inc","38548071d5aa652bb90c7f111f86b427f798a1c9"
"district",92002,1211,"dist_ecoprov.inc","38548071d5aa652bb90c7f111f86b427f798a1c9"
"district",92003,211,"dist_ecoprov.inc","38548071d5aa652bb90c7f111f86b427f798a1c9"
"district",92005,1211,"dist_ecoprov.inc","38548071d5aa652bb90c7f111f86b427f798a1c9"
"district",92101,1221,"dist_ecoprov.inc","38548071d5aa652bb90c7f111f86b427f798a1c9"
"district",92102,1221,"dist_ecoprov.inc","38548071d5aa652bb90c7f111f86b427f798a1c9"
"district",92103,1221,"dist_ecoprov.inc","38548071d5aa652bb90c7f111f86b427f798a1c9"
"district",92104,1221,"dist_ecoprov.inc","38548071d5aa652bb90c7f111f86b427f798a1c9"
"district",92105,1221,"dist_ecoprov.inc","38548071d5aa652bb90c7f111f86b427f798a1c9"
"district",92106,1221,"dist_ecoprov.inc","38548071d5aa652bb90c7f111f86b427f798a1c9"
"district",92202,1211,"dist_ecoprov.inc","38548071d5aa652bb90c7f111f86b427f798a1c9"
"district",92204,1211,"dist_ecoprov.inc","38548071d5aa652bb90c7f111f86b427f798a1c9"
"district",92205,1211,"dist_ecoprov.inc","38548071d5aa652bb90c7f111f86b427f798a1c9"
"district",92206,221,"dist_ecoprov.inc","38548071d5aa652bb90c7f111f86b427f798a1c9"
"district",100410,1242,"dist_ecoprov.inc","38548071d5aa652bb90c7f111f86b427f798a1c9"
"district",100420,1242,"dist_ecoprov.inc","38548071d5aa652bb90c7f111f86b427f798a1c9"
"district",100430,1242,"dist_ecoprov.inc","38548071d5aa652bb90c7f111f86b427f798a1c9"
"district",100510,1242,"dist_ecoprov.inc","38548071d5aa652bb90c7f111f86b427f798a1c9"
"district",100521,1242,"dist_ecoprov.inc","38548071d5aa652bb90c7f111f86b427f798a1c9"
"district",100522,1242,"dist_ecoprov.inc","38548071d5aa652bb90c7f111f86b427f798a1c9"
"district",100531,1242,"dist_ecoprov.inc","38548071d5aa652bb90c7f111f86b427f798a1c9"
"district",100532,1242,"dist_ecoprov.inc","38548071d5aa652bb90c7f111f86b427f798a1c9"
"district",100533,1242,"dist_ecoprov.inc","38548071d5aa652bb90c7f111f86b427f798a1c9"
"district",100534,1242,"dist_ecoprov.inc","38548071d5aa652bb90c7f111f86b427f798a1c9"
"district",100535,1242,"dist_ecoprov.inc","38548071d5aa652bb90c7f111f86b427f798a1c9"
"district",100552,1242,"dist_ecoprov.inc","38548071d5aa652bb90c7f111f86b427f798a1c9"
"district",100554,1242,"dist_ecoprov.inc","38548071d5aa652bb90c7f111f86b427f798a1c9"
"forest",102,1331,"dist_ecoprov.inc","38548071d5aa652bb90c7f111f86b427f798a1c9"
"forest",103,1331,"dist_ecoprov.inc","38548071d5aa652bb90c7f111f86b427f798a1c9"
"forest",104,1331,"dist_ecoprov.inc","38548071d5aa652bb90c7f111f86b427f798a1c9"
"forest",110,1331,"dist_ecoprov.inc","38548071d5aa652bb90c7f111f86b427f798a1c9"
"forest",111,1331,"dist_ecoprov.inc","38548071d5aa652bb90c7f111f86b427f798a1c9"
"forest",114,1331,"dist_ecoprov.inc","38548071d5aa652bb90c7f111f86b427f798a1c9"
"forest",115,1331,"dist_ecoprov.inc","38548071d5aa652bb90c7f111f86b427f798a1c9"
"forest",116,1331,"dist_ecoprov.inc","38548071d5aa652bb90c7f111f86b427f798a1c9"
"forest",117,1331,"dist_ecoprov.inc","38548071d5aa652bb90c7f111f86b427f798a1c9"
"forest",118,331,"dist_ecoprov.inc","38548071d5aa652bb90c7f111f86b427f798a1c9"
"forest",202,1331,"dist_ecoprov.inc","38548071d5aa652bb90c7f111f86b427f798a1c9"
"forest",203,1331,"dist_ecoprov.inc","38548071d5aa652bb90c7f111f86b427f798a1c9"
"forest",204,1331,"dist_ecoprov.inc","38548071d5aa652bb90c7f111f86b427f798a1c9"
"forest",206,1331,"dist_ecoprov.inc","38548071d5aa652bb90c7f111f86b427f798a1c9"
"forest",207,331,"dist_ecoprov.inc","38548071d5aa652bb90c7f111f86b427f798a1c9"
"forest",209,1331,"dist_ecoprov.inc","38548071d5aa652bb90c7f111f86b427f798a1c9"
"forest",210,1331,"dist_ecoprov.inc","38548071d5aa652bb90c7f111f86b427f798a1c9"
"forest",212,1331,"dist_ecoprov.inc","38548071d5aa652bb90c7f111f86b427f798a1c9"
"forest",213,1331,"dist_ecoprov.inc","38548071d5aa652bb90c7f111f86b427f798a1c9"
"forest",214,1331,"dist_ecoprov.inc","38548071d5aa652bb90c7f111f86b427f798a1c9"
"forest",215,1331,"dist_ecoprov.inc","38548071d5aa652bb90c7f111f86b427f798a1c9"
"forest",301,1311,"dist_ecoprov.inc","38548071d5aa652bb90c7f111f86b427f798a1c9"
"forest",302,1331,"dist_ecoprov.inc","38548071d5aa652bb90c7f111f86b427f798a1c9"
"forest",303,311,"dist_ecoprov.inc","38548071d5aa652bb90c7f111f86b427f798a1c9"
"forest",304,1311,"dist_ecoprov.inc","38548071d5aa652bb90c7f111f86b427f798a1c9"
"forest",305,323,"dist_ecoprov.inc","38548071d5aa652bb90c7f111f86b427f798a1c9"
"forest",306,1311,"dist_ecoprov.inc","38548071d5aa652bb90c7f111f86b427f798a1c9"
"forest",307,311,"dist_ecoprov.inc","38548071d5aa652bb90c7f111f86b427f798a1c9"
"forest",308,1311,"dist_ecoprov.inc","38548071d5aa652bb90c7f111f86b427f798a1c9"
"forest",309,311,"dist_ecoprov.inc","38548071d5aa652bb90c7f111f86b427f798a1c9"
"forest",310,1311,"dist_ecoprov.inc","38548071d5aa652bb90c7f111f86b427f798a1c9"
"forest",312,311,"dist_ecoprov.inc","38548071d5aa652bb90c7f111f86b427f798a1c9"
"forest",401,1331,"dist_ecoprov.inc","38548071d5aa652bb90c7f111f86b427f798a1c9"
"forest",402,1331,"dist_ecoprov.inc","38548071d5aa652bb90c7f111f86b427f798a1c9"
"forest",403,1331,"dist_ecoprov.inc","38548071d5aa652bb90c7f111f86b427f798a1c9"
"forest",407,1341,"dist_ecoprov.inc","38548071d5aa652bb90c7f111f86b427f798a1c9"
"forest",408,1341,"dist_ecoprov.inc","38548071d5aa652bb90c7f111f86b427f798a1c9"
"forest",410,341,"dist_ecoprov.inc","38548071d5aa652bb90c7f111f86b427f798a1c9"
"forest",412,1331,"dist_ecoprov.inc","38548071d5aa652bb90c7f111f86b427f798a1c9"
"forest",413,1331,"dist_ecoprov.inc","38548071d5aa652bb90c7f111f86b427f798a1c9"
"forest",414,1331,"dist_ecoprov.inc","38548071d5aa652bb90c7f111f86b427f798a1c9"
"forest",415,1331,"dist_ecoprov.inc","38548071d5aa652bb90c7f111f86b427f798a1c9"
"forest",417,341,"dist_ecoprov.inc","38548071d5aa652bb90c7f111f86b427f798a1c9"
"forest",419,1331,"dist_ecoprov.inc","38548071d5aa652bb90c7f111f86b427f798a1c9"
"forest",501,1261,"dist_ecoprov.inc","38548071d5aa652bb90c7f111f86b427f798a1c9"
"forest",502,1261,"dist_ecoprov.inc","38548071d5aa652bb90c7f111f86b427f798a1c9"
"forest",503,1261,"dist_ecoprov.inc","38548071d5aa652bb90c7f111f86b427f798a1c9"
"forest",504,341,"dist_ecoprov.inc","38548071d5aa652bb90c7f111f86b427f798a1c9"
"forest",505,1261,"dist_ecoprov.inc","38548071d5aa652bb90c7f111f86b427f798a1c9"
"forest",506,1261,"dist_ecoprov.inc","38548071d5aa652bb90c7f111f86b427f798a1c9"
"forest",507,1261,"dist_ecoprov.inc","38548071d5aa652bb90c7f111f86b427f798a1c9"
"forest",508,1261,"dist_ecoprov.inc","38548071d5aa652bb90c7f111f86b427f798a1c9"
"forest",509,1261,"dist_ecoprov.inc","38548071d5aa652bb90c7f111f86b427f798a1c9"
"forest",510,1261,"dist_ecoprov.inc","38548071d5aa652bb90c7f111f86b427f798a1c9"
"forest",511,1261,"dist_ecoprov.inc","38548071d5aa652bb90c7f111f86b427f798a1c9"
"forest",512,1261,"dist_ecoprov.inc","38548071d5aa652bb90c7f111f86b427f798a1c9"
"forest",513,1261,"dist_ecoprov.inc","38548071d5aa652bb90c7f111f86b427f798a1c9"
"forest",514,1261,"dist_ecoprov.inc","38548071d5aa652bb90c7f111f86b427f798a1c9"
"forest",515,1261,"dist_ecoprov.inc","38548071d5aa652bb90c7f111f86b427f798a1c9"
"forest",516,1261,"dist_ecoprov.inc","38548071d5aa652bb90c7f111f86b427f798a1c9"
"forest",517,1261,"dist_ecoprov.inc","38548071d5aa652bb90c7f111f86b427f798a1c9"
"forest",519,1261,"dist_ecoprov.inc","38548071d5aa652bb90c7f111f86b427f798a1c9"
"forest",601,1242,"dist_ecoprov.inc","38548071d5aa652bb90c7f111f86b427f798a1c9"
"forest",602,1242,"dist_ecoprov.inc","38548071d5aa652bb90c7f111f86b427f798a1c9"
"forest",603,1242,"dist_ecoprov.inc","38548071d5aa652bb90c7f111f86b427f798a1c9"
"forest",604,1331,"dist_ecoprov.inc","38548071d5aa652bb90c7f111f86b427f798a1c9"
"forest",605,1242,"dist_ecoprov.inc","38548071d5aa652bb90c7f111f86b427f798a1c9"
"forest",606,1242,"dist_ecoprov.inc","38548071d5aa652bb90c7f111f86b427f798a1c9"
"forest",607,1331,"dist_ecoprov.inc","38548071d5aa652bb90c7f111f86b427f798a1c9"
"forest",609,1242,"dist_ecoprov.inc","38548071d5aa652bb90c7f111f86b427f798a1c9"
"forest",610,1261,"dist_ecoprov.inc","38548071d5aa652bb90c7f111f86b427f798a1c9"
"forest",612,1242,"dist_ecoprov.inc","38548071d5aa652bb90c7f111f86b427f798a1c9"
"forest",614,1331,"dist_ecoprov.inc","38548071d5aa652bb90c7f111f86b427f798a1c9"
"forest",615,1242,"dist_ecoprov.inc","38548071d5aa652bb90c7f111f86b427f798a1c9"
"forest",616,1331,"dist_ecoprov.inc","38548071d5aa652bb90c7f111f86b427f798a1c9"
"forest",617,1242,"dist_ecoprov.inc","38548071d5aa652bb90c7f111f86b427f798a1c9"
"forest",618,1242,"dist_ecoprov.inc","38548071d5aa652bb90c7f111f86b427f798a1c9"
"forest",621,1331,"dist_ecoprov.inc","38548071d5aa652bb90c7f111f86b427f798a1c9"
"forest",801,231,"dist_ecoprov.inc","38548071d5aa652bb90c7f111f86b427f798a1c9"
"forest",802,221,"dist_ecoprov.inc","38548071d5aa652bb90c7f111f86b427f798a1c9"
"forest",803,231,"dist_ecoprov.inc","38548071d5aa652bb90c7f111f86b427f798a1c9"
"forest",804,221,"dist_ecoprov.inc","38548071d5aa652bb90c7f111f86b427f798a1c9"
"forest",805,231,"dist_ecoprov.inc","38548071d5aa652bb90c7f111f86b427f798a1c9"
"forest",806,231,"dist_ecoprov.inc","38548071d5aa652bb90c7f111f86b427f798a1c9"
"forest",807,231,"dist_ecoprov.inc","38548071d5aa652bb90c7f111f86b427f798a1c9"
"forest",808,1221,"dist_ecoprov.inc","38548071d5aa652bb90c7f111f86b427f798a1c9"
"forest",809,1231,"dist_ecoprov.inc","38548071d5aa652bb90c7f111f86b427f798a1c9"
"forest",810,1221,"dist_ecoprov.inc","38548071d5aa652bb90c7f111f86b427f798a1c9"
"forest",811,1221,"dist_ecoprov.inc","38548071d5aa652bb90c7f111f86b427f798a1c9"
"forest",812,231,"dist_ecoprov.inc","38548071d5aa652bb90c7f111f86b427f798a1c9"
"forest",813,231,"dist_ecoprov.inc","38548071d5aa652bb90c7f111f86b427f798a1c9"
"forest",816,411,"dist_ecoprov.inc","38548071d5aa652bb90c7f111f86b427f798a1c9"
"forest",903,211,"dist_ecoprov.inc","38548071d5aa652bb90c7f111f86b427f798a1c9"
"forest",904,211,"dist_ecoprov.inc","38548071d5aa652bb90c7f111f86b427f798a1c9"
"forest",905,221,"dist_ecoprov.inc","38548071d5aa652bb90c7f111f86b427f798a1c9"
"forest",907,211,"dist_ecoprov.inc","38548071d5aa652bb90c7f111f86b427f798a1c9"
"forest",908,221,"dist_ecoprov.inc","38548071d5aa652bb90c7f111f86b427f798a1c9"
"forest",909,211,"dist_ecoprov.inc","38548071d5aa652bb90c7f111f86b427f798a1c9"
"forest",910,211,"dist_ecoprov.inc","38548071d5aa652bb90c7f111f86b427f798a1c9"
"forest",912,221,"dist_ecoprov.inc","38548071d5aa652bb90c7f111f86b427f798a1c9"
"forest",913,211,"dist_ecoprov.inc","38548071d5aa652bb90c7f111f86b427f798a1c9"
"forest",914,221,"dist_ecoprov.inc","38548071d5aa652bb90c7f111f86b427f798a1c9"
"forest",919,211,"dist_ecoprov.inc","38548071d5aa652bb90c7f111f86b427f798a1c9"
"forest",920,1211,"dist_ecoprov.inc","38548071d5aa652bb90c7f111f86b427f798a1c9"
"forest",921,1221,"dist_ecoprov.inc","38548071d5aa652bb90c7f111f86b427f798a1c9"
"forest",922,1211,"dist_ecoprov.inc","38548071d5aa652bb90c7f111f86b427f798a1c9"
"forest",1004,1242,"dist_ecoprov.inc","38548071d5aa652bb90c7f111f86b427f798a1c9"
"forest",1005,1242,"dist_ecoprov.inc","38548071d5aa652bb90c7f111f86b427f798a1c9"
"region",1,1331,"dist_ecoprov.inc","38548071d5aa652bb90c7f111f86b427f798a1c9"
"region",2,1331,"dist_ecoprov.inc","38548071d5aa652bb90c7f111f86b427f798a1c9"
"region",3,1311,"dist_ecoprov.inc","38548071d5aa652bb90c7f111f86b427f798a1c9"
"region",4,1331,"dist_ecoprov.inc","38548071d5aa652bb90c7f111f86b427f798a1c9"
"region",5,1261,"dist_ecoprov.inc","38548071d5aa652bb90c7f111f86b427f798a1c9"
"region",6,1242,"dist_ecoprov.inc","38548071d5aa652bb90c7f111f86b427f798a1c9"
"region",8,231,"dist_ecoprov.inc","38548071d5aa652bb90c7f111f86b427f798a1c9"
"region",9,211,"dist_ecoprov.inc","38548071d5aa652bb90c7f111f86b427f798a1c9"
"region",10,1242,"dist_ecoprov.inc","38548071d5aa652bb90c7f111f86b427f798a1c9"
