"source_file","source_line_start","source_line_end","target","statement_ordinal","literal","value","upstream_commit"
"scrib.f",32,42,"FACTOR",1,"0.000",0,"38548071d5aa652bb90c7f111f86b427f798a1c9"
"scrib.f",32,42,"FACTOR",2,"0.143",0.143,"38548071d5aa652bb90c7f111f86b427f798a1c9"
"scrib.f",32,42,"FACTOR",3,"0.390",0.39,"38548071d5aa652bb90c7f111f86b427f798a1c9"
"scrib.f",32,42,"FACTOR",4,"0.676",0.676,"38548071d5aa652bb90c7f111f86b427f798a1c9"
"scrib.f",32,42,"FACTOR",5,"1.070",1.07,"38548071d5aa652bb90c7f111f86b427f798a1c9"
"scrib.f",32,42,"FACTOR",6,"1.160",1.16,"38548071d5aa652bb90c7f111f86b427f798a1c9"
"scrib.f",32,42,"FACTOR",7,"1.400",1.4,"38548071d5aa652bb90c7f111f86b427f798a1c9"
"scrib.f",32,42,"FACTOR",8,"1.501",1.501,"38548071d5aa652bb90c7f111f86b427f798a1c9"
"scrib.f",32,42,"FACTOR",9,"2.084",2.084,"38548071d5aa652bb90c7f111f86b427f798a1c9"
"scrib.f",32,42,"FACTOR",10,"3.126",3.126,"38548071d5aa652bb90c7f111f86b427f798a1c9"
"scrib.f",32,42,"FACTOR",11,"3.749",3.749,"38548071d5aa652bb90c7f111f86b427f798a1c9"
"scrib.f",32,42,"FACTOR",12,"4.900",4.9,"38548071d5aa652bb90c7f111f86b427f798a1c9"
"scrib.f",32,42,"FACTOR",13,"6.043",6.043,"38548071d5aa652bb90c7f111f86b427f798a1c9"
"scrib.f",32,42,"FACTOR",14,"7.140",7.14,"38548071d5aa652bb90c7f111f86b427f798a1c9"
"scrib.f",32,42,"FACTOR",15,"8.880",8.88,"38548071d5aa652bb90c7f111f86b427f798a1c9"
"scrib.f",32,42,"FACTOR",16,"10.000",10,"38548071d5aa652bb90c7f111f86b427f798a1c9"
"scrib.f",32,42,"FACTOR",17,"11.528",11.528,"38548071d5aa652bb90c7f111f86b427f798a1c9"
"scrib.f",32,42,"FACTOR",18,"13.290",13.29,"38548071d5aa652bb90c7f111f86b427f798a1c9"
"scrib.f",32,42,"FACTOR",19,"14.990",14.99,"38548071d5aa652bb90c7f111f86b427f798a1c9"
"scrib.f",32,42,"FACTOR",20,"17.499",17.499,"38548071d5aa652bb90c7f111f86b427f798a1c9"
"scrib.f",32,42,"FACTOR",21,"18.990",18.99,"38548071d5aa652bb90c7f111f86b427f798a1c9"
"scrib.f",32,42,"FACTOR",22,"20.880",20.88,"38548071d5aa652bb90c7f111f86b427f798a1c9"
"scrib.f",32,42,"FACTOR",23,"23.510",23.51,"38548071d5aa652bb90c7f111f86b427f798a1c9"
"scrib.f",32,42,"FACTOR",24,"25.218",25.218,"38548071d5aa652bb90c7f111f86b427f798a1c9"
"scrib.f",32,42,"FACTOR",25,"28.677",28.677,"38548071d5aa652bb90c7f111f86b427f798a1c9"
"scrib.f",32,42,"FACTOR",26,"31.249",31.249,"38548071d5aa652bb90c7f111f86b427f798a1c9"
"scrib.f",32,42,"FACTOR",27,"34.220",34.22,"38548071d5aa652bb90c7f111f86b427f798a1c9"
"scrib.f",32,42,"FACTOR",28,"36.376",36.376,"38548071d5aa652bb90c7f111f86b427f798a1c9"
"scrib.f",32,42,"FACTOR",29,"38.040",38.04,"38548071d5aa652bb90c7f111f86b427f798a1c9"
"scrib.f",32,42,"FACTOR",30,"41.060",41.06,"38548071d5aa652bb90c7f111f86b427f798a1c9"
"scrib.f",32,42,"FACTOR",31,"44.376",44.376,"38548071d5aa652bb90c7f111f86b427f798a1c9"
"scrib.f",32,42,"FACTOR",32,"45.975",45.975,"38548071d5aa652bb90c7f111f86b427f798a1c9"
"scrib.f",32,42,"FACTOR",33,"48.990",48.99,"38548071d5aa652bb90c7f111f86b427f798a1c9"
"scrib.f",32,42,"FACTOR",34,"50.000",50,"38548071d5aa652bb90c7f111f86b427f798a1c9"
"scrib.f",32,42,"FACTOR",35,"54.688",54.688,"38548071d5aa652bb90c7f111f86b427f798a1c9"
"scrib.f",32,42,"FACTOR",36,"57.660",57.66,"38548071d5aa652bb90c7f111f86b427f798a1c9"
"scrib.f",32,42,"FACTOR",37,"64.319",64.319,"38548071d5aa652bb90c7f111f86b427f798a1c9"
"scrib.f",32,42,"FACTOR",38,"66.730",66.73,"38548071d5aa652bb90c7f111f86b427f798a1c9"
"scrib.f",32,42,"FACTOR",39,"70.000",70,"38548071d5aa652bb90c7f111f86b427f798a1c9"
"scrib.f",32,42,"FACTOR",40,"75.240",75.24,"38548071d5aa652bb90c7f111f86b427f798a1c9"
"scrib.f",32,42,"FACTOR",41,"79.480",79.48,"38548071d5aa652bb90c7f111f86b427f798a1c9"
"scrib.f",32,42,"FACTOR",42,"83.910",83.91,"38548071d5aa652bb90c7f111f86b427f798a1c9"
"scrib.f",32,42,"FACTOR",43,"87.190",87.19,"38548071d5aa652bb90c7f111f86b427f798a1c9"
"scrib.f",32,42,"FACTOR",44,"92.501",92.501,"38548071d5aa652bb90c7f111f86b427f798a1c9"
"scrib.f",32,42,"FACTOR",45,"94.990",94.99,"38548071d5aa652bb90c7f111f86b427f798a1c9"
"scrib.f",32,42,"FACTOR",46,"99.075",99.075,"38548071d5aa652bb90c7f111f86b427f798a1c9"
"scrib.f",32,42,"FACTOR",47,"103.501",103.501,"38548071d5aa652bb90c7f111f86b427f798a1c9"
"scrib.f",32,42,"FACTOR",48,"107.970",107.97,"38548071d5aa652bb90c7f111f86b427f798a1c9"
"scrib.f",32,42,"FACTOR",49,"112.292",112.292,"38548071d5aa652bb90c7f111f86b427f798a1c9"
"scrib.f",32,42,"FACTOR",50,"116.990",116.99,"38548071d5aa652bb90c7f111f86b427f798a1c9"
"scrib.f",32,42,"FACTOR",51,"121.650",121.65,"38548071d5aa652bb90c7f111f86b427f798a1c9"
"scrib.f",32,42,"FACTOR",52,"126.525",126.525,"38548071d5aa652bb90c7f111f86b427f798a1c9"
"scrib.f",32,42,"FACTOR",53,"131.510",131.51,"38548071d5aa652bb90c7f111f86b427f798a1c9"
"scrib.f",32,42,"FACTOR",54,"136.510",136.51,"38548071d5aa652bb90c7f111f86b427f798a1c9"
"scrib.f",32,42,"FACTOR",55,"141.610",141.61,"38548071d5aa652bb90c7f111f86b427f798a1c9"
"scrib.f",32,42,"FACTOR",56,"146.912",146.912,"38548071d5aa652bb90c7f111f86b427f798a1c9"
"scrib.f",32,42,"FACTOR",57,"152.210",152.21,"38548071d5aa652bb90c7f111f86b427f798a1c9"
"scrib.f",32,42,"FACTOR",58,"157.710",157.71,"38548071d5aa652bb90c7f111f86b427f798a1c9"
"scrib.f",32,42,"FACTOR",59,"163.288",163.288,"38548071d5aa652bb90c7f111f86b427f798a1c9"
"scrib.f",32,42,"FACTOR",60,"168.990",168.99,"38548071d5aa652bb90c7f111f86b427f798a1c9"
"scrib.f",32,42,"FACTOR",61,"174.850",174.85,"38548071d5aa652bb90c7f111f86b427f798a1c9"
"scrib.f",32,42,"FACTOR",62,"180.749",180.749,"38548071d5aa652bb90c7f111f86b427f798a1c9"
"scrib.f",32,42,"FACTOR",63,"186.623",186.623,"38548071d5aa652bb90c7f111f86b427f798a1c9"
"scrib.f",32,42,"FACTOR",64,"193.170",193.17,"38548071d5aa652bb90c7f111f86b427f798a1c9"
"scrib.f",32,42,"FACTOR",65,"199.120",199.12,"38548071d5aa652bb90c7f111f86b427f798a1c9"
"scrib.f",32,42,"FACTOR",66,"205.685",205.685,"38548071d5aa652bb90c7f111f86b427f798a1c9"
"scrib.f",43,54,"FACTOR",1,"211.810",211.81,"38548071d5aa652bb90c7f111f86b427f798a1c9"
"scrib.f",43,54,"FACTOR",2,"218.501",218.501,"38548071d5aa652bb90c7f111f86b427f798a1c9"
"scrib.f",43,54,"FACTOR",3,"225.685",225.685,"38548071d5aa652bb90c7f111f86b427f798a1c9"
"scrib.f",43,54,"FACTOR",4,"232.499",232.499,"38548071d5aa652bb90c7f111f86b427f798a1c9"
"scrib.f",43,54,"FACTOR",5,"239.317",239.317,"38548071d5aa652bb90c7f111f86b427f798a1c9"
"scrib.f",43,54,"FACTOR",6,"246.615",246.615,"38548071d5aa652bb90c7f111f86b427f798a1c9"
"scrib.f",43,54,"FACTOR",7,"254.040",254.04,"38548071d5aa652bb90c7f111f86b427f798a1c9"
"scrib.f",43,54,"FACTOR",8,"261.525",261.525,"38548071d5aa652bb90c7f111f86b427f798a1c9"
"scrib.f",43,54,"FACTOR",9,"269.040",269.04,"38548071d5aa652bb90c7f111f86b427f798a1c9"
"scrib.f",43,54,"FACTOR",10,"276.630",276.63,"38548071d5aa652bb90c7f111f86b427f798a1c9"
"scrib.f",43,54,"FACTOR",11,"284.260",284.26,"38548071d5aa652bb90c7f111f86b427f798a1c9"
"scrib.f",43,54,"FACTOR",12,"292.501",292.501,"38548071d5aa652bb90c7f111f86b427f798a1c9"
"scrib.f",43,54,"FACTOR",13,"300.655",300.655,"38548071d5aa652bb90c7f111f86b427f798a1c9"
"scrib.f",43,54,"FACTOR",14,"308.970",308.97,"38548071d5aa652bb90c7f111f86b427f798a1c9"
"scrib.f",43,54,"FACTOR",15,"317.360",317.36,"38548071d5aa652bb90c7f111f86b427f798a1c9"
"scrib.f",43,54,"FACTOR",16,"325.790",325.79,"38548071d5aa652bb90c7f111f86b427f798a1c9"
"scrib.f",43,54,"FACTOR",17,"334.217",334.217,"38548071d5aa652bb90c7f111f86b427f798a1c9"
"scrib.f",43,54,"FACTOR",18,"343.290",343.29,"38548071d5aa652bb90c7f111f86b427f798a1c9"
"scrib.f",43,54,"FACTOR",19,"350.785",350.785,"38548071d5aa652bb90c7f111f86b427f798a1c9"
"scrib.f",43,54,"FACTOR",20,"359.120",359.12,"38548071d5aa652bb90c7f111f86b427f798a1c9"
"scrib.f",43,54,"FACTOR",21,"368.380",368.38,"38548071d5aa652bb90c7f111f86b427f798a1c9"
"scrib.f",43,54,"FACTOR",22,"376.610",376.61,"38548071d5aa652bb90c7f111f86b427f798a1c9"
"scrib.f",43,54,"FACTOR",23,"385.135",385.135,"38548071d5aa652bb90c7f111f86b427f798a1c9"
"scrib.f",43,54,"FACTOR",24,"393.380",393.38,"38548071d5aa652bb90c7f111f86b427f798a1c9"
"scrib.f",43,54,"FACTOR",25,"402.499",402.499,"38548071d5aa652bb90c7f111f86b427f798a1c9"
"scrib.f",43,54,"FACTOR",26,"410.834",410.834,"38548071d5aa652bb90c7f111f86b427f798a1c9"
"scrib.f",43,54,"FACTOR",27,"419.166",419.166,"38548071d5aa652bb90c7f111f86b427f798a1c9"
"scrib.f",43,54,"FACTOR",28,"428.380",428.38,"38548071d5aa652bb90c7f111f86b427f798a1c9"
"scrib.f",43,54,"FACTOR",29,"437.499",437.499,"38548071d5aa652bb90c7f111f86b427f798a1c9"
"scrib.f",43,54,"FACTOR",30,"446.565",446.565,"38548071d5aa652bb90c7f111f86b427f798a1c9"
"scrib.f",43,54,"FACTOR",31,"455.010",455.01,"38548071d5aa652bb90c7f111f86b427f798a1c9"
"scrib.f",43,54,"FACTOR",32,"464.150",464.15,"38548071d5aa652bb90c7f111f86b427f798a1c9"
"scrib.f",43,54,"FACTOR",33,"473.430",473.43,"38548071d5aa652bb90c7f111f86b427f798a1c9"
"scrib.f",43,54,"FACTOR",34,"482.490",482.49,"38548071d5aa652bb90c7f111f86b427f798a1c9"
"scrib.f",43,54,"FACTOR",35,"491.700",491.7,"38548071d5aa652bb90c7f111f86b427f798a1c9"
"scrib.f",43,54,"FACTOR",36,"501.700",501.7,"38548071d5aa652bb90c7f111f86b427f798a1c9"
"scrib.f",43,54,"FACTOR",37,"511.700",511.7,"38548071d5aa652bb90c7f111f86b427f798a1c9"
"scrib.f",43,54,"FACTOR",38,"521.700",521.7,"38548071d5aa652bb90c7f111f86b427f798a1c9"
"scrib.f",43,54,"FACTOR",39,"531.700",531.7,"38548071d5aa652bb90c7f111f86b427f798a1c9"
"scrib.f",43,54,"FACTOR",40,"541.700",541.7,"38548071d5aa652bb90c7f111f86b427f798a1c9"
"scrib.f",43,54,"FACTOR",41,"552.499",552.499,"38548071d5aa652bb90c7f111f86b427f798a1c9"
"scrib.f",43,54,"FACTOR",42,"562.501",562.501,"38548071d5aa652bb90c7f111f86b427f798a1c9"
"scrib.f",43,54,"FACTOR",43,"573.350",573.35,"38548071d5aa652bb90c7f111f86b427f798a1c9"
"scrib.f",43,54,"FACTOR",44,"583.350",583.35,"38548071d5aa652bb90c7f111f86b427f798a1c9"
"scrib.f",43,54,"FACTOR",45,"594.150",594.15,"38548071d5aa652bb90c7f111f86b427f798a1c9"
"scrib.f",43,54,"FACTOR",46,"604.170",604.17,"38548071d5aa652bb90c7f111f86b427f798a1c9"
"scrib.f",43,54,"FACTOR",47,"615.010",615.01,"38548071d5aa652bb90c7f111f86b427f798a1c9"
"scrib.f",43,54,"FACTOR",48,"625.890",625.89,"38548071d5aa652bb90c7f111f86b427f798a1c9"
"scrib.f",43,54,"FACTOR",49,"636.660",636.66,"38548071d5aa652bb90c7f111f86b427f798a1c9"
"scrib.f",43,54,"FACTOR",50,"648.380",648.38,"38548071d5aa652bb90c7f111f86b427f798a1c9"
"scrib.f",43,54,"FACTOR",51,"660.000",660,"38548071d5aa652bb90c7f111f86b427f798a1c9"
"scrib.f",43,54,"FACTOR",52,"671.700",671.7,"38548071d5aa652bb90c7f111f86b427f798a1c9"
"scrib.f",43,54,"FACTOR",53,"683.330",683.33,"38548071d5aa652bb90c7f111f86b427f798a1c9"
"scrib.f",43,54,"FACTOR",54,"695.011",695.011,"38548071d5aa652bb90c7f111f86b427f798a1c9"
"scrib.f",43,54,"FACTOR",55,"1.249",1.249,"38548071d5aa652bb90c7f111f86b427f798a1c9"
"scrib.f",43,54,"FACTOR",56,"1.608",1.608,"38548071d5aa652bb90c7f111f86b427f798a1c9"
"scrib.f",43,54,"FACTOR",57,"1.854",1.854,"38548071d5aa652bb90c7f111f86b427f798a1c9"
"scrib.f",43,54,"FACTOR",58,"2.410",2.41,"38548071d5aa652bb90c7f111f86b427f798a1c9"
"scrib.f",43,54,"FACTOR",59,"3.542",3.542,"38548071d5aa652bb90c7f111f86b427f798a1c9"
"scrib.f",43,54,"FACTOR",60,"4.167",4.167,"38548071d5aa652bb90c7f111f86b427f798a1c9"
"scrib.f",43,54,"FACTOR",61,"1.570",1.57,"38548071d5aa652bb90c7f111f86b427f798a1c9"
"scrib.f",43,54,"FACTOR",62,"1.800",1.8,"38548071d5aa652bb90c7f111f86b427f798a1c9"
"scrib.f",43,54,"FACTOR",63,"2.200",2.2,"38548071d5aa652bb90c7f111f86b427f798a1c9"
"scrib.f",43,54,"FACTOR",64,"2.900",2.9,"38548071d5aa652bb90c7f111f86b427f798a1c9"
"scrib.f",43,54,"FACTOR",65,"3.815",3.815,"38548071d5aa652bb90c7f111f86b427f798a1c9"
"scrib.f",43,54,"FACTOR",66,"4.499",4.499,"38548071d5aa652bb90c7f111f86b427f798a1c9"
"scrib.f",59,73,"EXCEPT",1,"40420.",40420,"38548071d5aa652bb90c7f111f86b427f798a1c9"
"scrib.f",59,73,"EXCEPT",2,"40460.",40460,"38548071d5aa652bb90c7f111f86b427f798a1c9"
"scrib.f",59,73,"EXCEPT",3,"40510.",40510,"38548071d5aa652bb90c7f111f86b427f798a1c9"
"scrib.f",59,73,"EXCEPT",4,"40520.",40520,"38548071d5aa652bb90c7f111f86b427f798a1c9"
"scrib.f",59,73,"EXCEPT",5,"40530.",40530,"38548071d5aa652bb90c7f111f86b427f798a1c9"
"scrib.f",59,73,"EXCEPT",6,"40540.",40540,"38548071d5aa652bb90c7f111f86b427f798a1c9"
"scrib.f",59,73,"EXCEPT",7,"40550.",40550,"38548071d5aa652bb90c7f111f86b427f798a1c9"
"scrib.f",59,73,"EXCEPT",8,"40600.",40600,"38548071d5aa652bb90c7f111f86b427f798a1c9"
"scrib.f",59,73,"EXCEPT",9,"40630.",40630,"38548071d5aa652bb90c7f111f86b427f798a1c9"
"scrib.f",59,73,"EXCEPT",10,"40650.",40650,"38548071d5aa652bb90c7f111f86b427f798a1c9"
"scrib.f",59,73,"EXCEPT",11,"40720.",40720,"38548071d5aa652bb90c7f111f86b427f798a1c9"
"scrib.f",59,73,"EXCEPT",12,"40730.",40730,"38548071d5aa652bb90c7f111f86b427f798a1c9"
"scrib.f",59,73,"EXCEPT",13,"40740.",40740,"38548071d5aa652bb90c7f111f86b427f798a1c9"
"scrib.f",59,73,"EXCEPT",14,"40750.",40750,"38548071d5aa652bb90c7f111f86b427f798a1c9"
"scrib.f",59,73,"EXCEPT",15,"40760.",40760,"38548071d5aa652bb90c7f111f86b427f798a1c9"
"scrib.f",59,73,"EXCEPT",16,"40800.",40800,"38548071d5aa652bb90c7f111f86b427f798a1c9"
"scrib.f",59,73,"EXCEPT",17,"40860.",40860,"38548071d5aa652bb90c7f111f86b427f798a1c9"
"scrib.f",59,73,"EXCEPT",18,"40880.",40880,"38548071d5aa652bb90c7f111f86b427f798a1c9"
"scrib.f",59,73,"EXCEPT",19,"40930.",40930,"38548071d5aa652bb90c7f111f86b427f798a1c9"
"scrib.f",59,73,"EXCEPT",20,"40960.",40960,"38548071d5aa652bb90c7f111f86b427f798a1c9"
"scrib.f",59,73,"EXCEPT",21,"40980.",40980,"38548071d5aa652bb90c7f111f86b427f798a1c9"
"scrib.f",59,73,"EXCEPT",22,"41010.",41010,"38548071d5aa652bb90c7f111f86b427f798a1c9"
"scrib.f",59,73,"EXCEPT",23,"41020.",41020,"38548071d5aa652bb90c7f111f86b427f798a1c9"
"scrib.f",59,73,"EXCEPT",24,"41030.",41030,"38548071d5aa652bb90c7f111f86b427f798a1c9"
"scrib.f",59,73,"EXCEPT",25,"41040.",41040,"38548071d5aa652bb90c7f111f86b427f798a1c9"
"scrib.f",59,73,"EXCEPT",26,"41050.",41050,"38548071d5aa652bb90c7f111f86b427f798a1c9"
"scrib.f",59,73,"EXCEPT",27,"41060.",41060,"38548071d5aa652bb90c7f111f86b427f798a1c9"
"scrib.f",59,73,"EXCEPT",28,"41110.",41110,"38548071d5aa652bb90c7f111f86b427f798a1c9"
"scrib.f",59,73,"EXCEPT",29,"41120.",41120,"38548071d5aa652bb90c7f111f86b427f798a1c9"
"scrib.f",59,73,"EXCEPT",30,"41150.",41150,"38548071d5aa652bb90c7f111f86b427f798a1c9"
"scrib.f",59,73,"EXCEPT",31,"41180.",41180,"38548071d5aa652bb90c7f111f86b427f798a1c9"
"scrib.f",59,73,"EXCEPT",32,"50100.",50100,"38548071d5aa652bb90c7f111f86b427f798a1c9"
"scrib.f",59,73,"EXCEPT",33,"50191.",50191,"38548071d5aa652bb90c7f111f86b427f798a1c9"
"scrib.f",59,73,"EXCEPT",34,"50211.",50211,"38548071d5aa652bb90c7f111f86b427f798a1c9"
"scrib.f",59,73,"EXCEPT",35,"50410.",50410,"38548071d5aa652bb90c7f111f86b427f798a1c9"
"scrib.f",59,73,"EXCEPT",36,"50430.",50430,"38548071d5aa652bb90c7f111f86b427f798a1c9"
"scrib.f",59,73,"EXCEPT",37,"50460.",50460,"38548071d5aa652bb90c7f111f86b427f798a1c9"
"scrib.f",59,73,"EXCEPT",38,"50590.",50590,"38548071d5aa652bb90c7f111f86b427f798a1c9"
"scrib.f",59,73,"EXCEPT",39,"50640.",50640,"38548071d5aa652bb90c7f111f86b427f798a1c9"
"scrib.f",59,73,"EXCEPT",40,"50650.",50650,"38548071d5aa652bb90c7f111f86b427f798a1c9"
"scrib.f",59,73,"EXCEPT",41,"50740.",50740,"38548071d5aa652bb90c7f111f86b427f798a1c9"
"scrib.f",59,73,"EXCEPT",42,"50750.",50750,"38548071d5aa652bb90c7f111f86b427f798a1c9"
"scrib.f",59,73,"EXCEPT",43,"50810.",50810,"38548071d5aa652bb90c7f111f86b427f798a1c9"
"scrib.f",59,73,"EXCEPT",44,"50840.",50840,"38548071d5aa652bb90c7f111f86b427f798a1c9"
"scrib.f",59,73,"EXCEPT",45,"50860.",50860,"38548071d5aa652bb90c7f111f86b427f798a1c9"
"scrib.f",59,73,"EXCEPT",46,"50890.",50890,"38548071d5aa652bb90c7f111f86b427f798a1c9"
"scrib.f",59,73,"EXCEPT",47,"50900.",50900,"38548071d5aa652bb90c7f111f86b427f798a1c9"
"scrib.f",59,73,"EXCEPT",48,"50930.",50930,"38548071d5aa652bb90c7f111f86b427f798a1c9"
"scrib.f",59,73,"EXCEPT",49,"50950.",50950,"38548071d5aa652bb90c7f111f86b427f798a1c9"
"scrib.f",59,73,"EXCEPT",50,"50970.",50970,"38548071d5aa652bb90c7f111f86b427f798a1c9"
"scrib.f",59,73,"EXCEPT",51,"50990.",50990,"38548071d5aa652bb90c7f111f86b427f798a1c9"
"scrib.f",59,73,"EXCEPT",52,"51090.",51090,"38548071d5aa652bb90c7f111f86b427f798a1c9"
"scrib.f",59,73,"EXCEPT",53,"51100.",51100,"38548071d5aa652bb90c7f111f86b427f798a1c9"
"scrib.f",59,73,"EXCEPT",54,"51130.",51130,"38548071d5aa652bb90c7f111f86b427f798a1c9"
"scrib.f",59,73,"EXCEPT",55,"51190.",51190,"38548071d5aa652bb90c7f111f86b427f798a1c9"
"scrib.f",59,73,"EXCEPT",56,"51200.",51200,"38548071d5aa652bb90c7f111f86b427f798a1c9"
"scrib.f",59,73,"EXCEPT",57,"60201.",60201,"38548071d5aa652bb90c7f111f86b427f798a1c9"
"scrib.f",59,73,"EXCEPT",58,"60211.",60211,"38548071d5aa652bb90c7f111f86b427f798a1c9"
"scrib.f",59,73,"EXCEPT",59,"60821.",60821,"38548071d5aa652bb90c7f111f86b427f798a1c9"
"scrib.f",59,73,"EXCEPT",60,"60920.",60920,"38548071d5aa652bb90c7f111f86b427f798a1c9"
"scrib.f",59,73,"EXCEPT",61,"61080.",61080,"38548071d5aa652bb90c7f111f86b427f798a1c9"
"scrib.f",59,73,"EXCEPT",62,"61120.",61120,"38548071d5aa652bb90c7f111f86b427f798a1c9"
"scrib.f",59,73,"EXCEPT",63,"61140.",61140,"38548071d5aa652bb90c7f111f86b427f798a1c9"
"scrib.f",59,73,"EXCEPT",64,"70091.",70091,"38548071d5aa652bb90c7f111f86b427f798a1c9"
"scrib.f",59,73,"EXCEPT",65,"70110.",70110,"38548071d5aa652bb90c7f111f86b427f798a1c9"
"scrib.f",59,73,"EXCEPT",66,"70611.",70611,"38548071d5aa652bb90c7f111f86b427f798a1c9"
"scrib.f",59,73,"EXCEPT",67,"70710.",70710,"38548071d5aa652bb90c7f111f86b427f798a1c9"
"scrib.f",59,73,"EXCEPT",68,"70791.",70791,"38548071d5aa652bb90c7f111f86b427f798a1c9"
"scrib.f",59,73,"EXCEPT",69,"80241.",80241,"38548071d5aa652bb90c7f111f86b427f798a1c9"
"scrib.f",59,73,"EXCEPT",70,"80291.",80291,"38548071d5aa652bb90c7f111f86b427f798a1c9"
"scrib.f",59,73,"EXCEPT",71,"80381.",80381,"38548071d5aa652bb90c7f111f86b427f798a1c9"
"scrib.f",59,73,"EXCEPT",72,"80640.",80640,"38548071d5aa652bb90c7f111f86b427f798a1c9"
"scrib.f",59,73,"EXCEPT",73,"80660.",80660,"38548071d5aa652bb90c7f111f86b427f798a1c9"
"scrib.f",59,73,"EXCEPT",74,"80671.",80671,"38548071d5aa652bb90c7f111f86b427f798a1c9"
"scrib.f",59,73,"EXCEPT",75,"80690.",80690,"38548071d5aa652bb90c7f111f86b427f798a1c9"
"scrib.f",59,73,"EXCEPT",76,"80711.",80711,"38548071d5aa652bb90c7f111f86b427f798a1c9"
"scrib.f",59,73,"EXCEPT",77,"80771.",80771,"38548071d5aa652bb90c7f111f86b427f798a1c9"
"scrib.f",74,89,"EXCEPT",1,"80790.",80790,"38548071d5aa652bb90c7f111f86b427f798a1c9"
"scrib.f",74,89,"EXCEPT",2,"80831.",80831,"38548071d5aa652bb90c7f111f86b427f798a1c9"
"scrib.f",74,89,"EXCEPT",3,"90291.",90291,"38548071d5aa652bb90c7f111f86b427f798a1c9"
"scrib.f",74,89,"EXCEPT",4,"90431.",90431,"38548071d5aa652bb90c7f111f86b427f798a1c9"
"scrib.f",74,89,"EXCEPT",5,"90511.",90511,"38548071d5aa652bb90c7f111f86b427f798a1c9"
"scrib.f",74,89,"EXCEPT",6,"90611.",90611,"38548071d5aa652bb90c7f111f86b427f798a1c9"
"scrib.f",74,89,"EXCEPT",7,"90741.",90741,"38548071d5aa652bb90c7f111f86b427f798a1c9"
"scrib.f",74,89,"EXCEPT",8,"100091.",100091,"38548071d5aa652bb90c7f111f86b427f798a1c9"
"scrib.f",74,89,"EXCEPT",9,"100230.",100230,"38548071d5aa652bb90c7f111f86b427f798a1c9"
"scrib.f",74,89,"EXCEPT",10,"100711.",100711,"38548071d5aa652bb90c7f111f86b427f798a1c9"
"scrib.f",74,89,"EXCEPT",11,"100740.",100740,"38548071d5aa652bb90c7f111f86b427f798a1c9"
"scrib.f",74,89,"EXCEPT",12,"100771.",100771,"38548071d5aa652bb90c7f111f86b427f798a1c9"
"scrib.f",74,89,"EXCEPT",13,"100831.",100831,"38548071d5aa652bb90c7f111f86b427f798a1c9"
"scrib.f",74,89,"EXCEPT",14,"100960.",100960,"38548071d5aa652bb90c7f111f86b427f798a1c9"
"scrib.f",74,89,"EXCEPT",15,"101071.",101071,"38548071d5aa652bb90c7f111f86b427f798a1c9"
"scrib.f",74,89,"EXCEPT",16,"110091.",110091,"38548071d5aa652bb90c7f111f86b427f798a1c9"
"scrib.f",74,89,"EXCEPT",17,"110250.",110250,"38548071d5aa652bb90c7f111f86b427f798a1c9"
"scrib.f",74,89,"EXCEPT",18,"110581.",110581,"38548071d5aa652bb90c7f111f86b427f798a1c9"
"scrib.f",74,89,"EXCEPT",19,"110611.",110611,"38548071d5aa652bb90c7f111f86b427f798a1c9"
"scrib.f",74,89,"EXCEPT",20,"110641.",110641,"38548071d5aa652bb90c7f111f86b427f798a1c9"
"scrib.f",74,89,"EXCEPT",21,"110731.",110731,"38548071d5aa652bb90c7f111f86b427f798a1c9"
"scrib.f",74,89,"EXCEPT",22,"120100.",120100,"38548071d5aa652bb90c7f111f86b427f798a1c9"
"scrib.f",74,89,"EXCEPT",23,"130060.",130060,"38548071d5aa652bb90c7f111f86b427f798a1c9"
"scrib.f",74,89,"EXCEPT",24,"130470.",130470,"38548071d5aa652bb90c7f111f86b427f798a1c9"
"scrib.f",74,89,"EXCEPT",25,"130521.",130521,"38548071d5aa652bb90c7f111f86b427f798a1c9"
"scrib.f",74,89,"EXCEPT",26,"130611.",130611,"38548071d5aa652bb90c7f111f86b427f798a1c9"
"scrib.f",74,89,"EXCEPT",27,"130661.",130661,"38548071d5aa652bb90c7f111f86b427f798a1c9"
"scrib.f",74,89,"EXCEPT",28,"130691.",130691,"38548071d5aa652bb90c7f111f86b427f798a1c9"
"scrib.f",74,89,"EXCEPT",29,"130770.",130770,"38548071d5aa652bb90c7f111f86b427f798a1c9"
"scrib.f",74,89,"EXCEPT",30,"130990.",130990,"38548071d5aa652bb90c7f111f86b427f798a1c9"
"scrib.f",74,89,"EXCEPT",31,"140060.",140060,"38548071d5aa652bb90c7f111f86b427f798a1c9"
"scrib.f",74,89,"EXCEPT",32,"140440.",140440,"38548071d5aa652bb90c7f111f86b427f798a1c9"
"scrib.f",74,89,"EXCEPT",33,"140800.",140800,"38548071d5aa652bb90c7f111f86b427f798a1c9"
"scrib.f",74,89,"EXCEPT",34,"150060.",150060,"38548071d5aa652bb90c7f111f86b427f798a1c9"
"scrib.f",74,89,"EXCEPT",35,"150280.",150280,"38548071d5aa652bb90c7f111f86b427f798a1c9"
"scrib.f",74,89,"EXCEPT",36,"150451.",150451,"38548071d5aa652bb90c7f111f86b427f798a1c9"
"scrib.f",74,89,"EXCEPT",37,"150511.",150511,"38548071d5aa652bb90c7f111f86b427f798a1c9"
"scrib.f",74,89,"EXCEPT",38,"150611.",150611,"38548071d5aa652bb90c7f111f86b427f798a1c9"
"scrib.f",74,89,"EXCEPT",39,"150741.",150741,"38548071d5aa652bb90c7f111f86b427f798a1c9"
"scrib.f",74,89,"EXCEPT",40,"150801.",150801,"38548071d5aa652bb90c7f111f86b427f798a1c9"
"scrib.f",74,89,"EXCEPT",41,"170461.",170461,"38548071d5aa652bb90c7f111f86b427f798a1c9"
"scrib.f",74,89,"EXCEPT",42,"170611.",170611,"38548071d5aa652bb90c7f111f86b427f798a1c9"
"scrib.f",74,89,"EXCEPT",43,"170641.",170641,"38548071d5aa652bb90c7f111f86b427f798a1c9"
"scrib.f",74,89,"EXCEPT",44,"170751.",170751,"38548071d5aa652bb90c7f111f86b427f798a1c9"
"scrib.f",74,89,"EXCEPT",45,"170801.",170801,"38548071d5aa652bb90c7f111f86b427f798a1c9"
"scrib.f",74,89,"EXCEPT",46,"180440.",180440,"38548071d5aa652bb90c7f111f86b427f798a1c9"
"scrib.f",74,89,"EXCEPT",47,"180701.",180701,"38548071d5aa652bb90c7f111f86b427f798a1c9"
"scrib.f",74,89,"EXCEPT",48,"180710.",180710,"38548071d5aa652bb90c7f111f86b427f798a1c9"
"scrib.f",74,89,"EXCEPT",49,"180770.",180770,"38548071d5aa652bb90c7f111f86b427f798a1c9"
"scrib.f",74,89,"EXCEPT",50,"180811.",180811,"38548071d5aa652bb90c7f111f86b427f798a1c9"
"scrib.f",74,89,"EXCEPT",51,"180830.",180830,"38548071d5aa652bb90c7f111f86b427f798a1c9"
"scrib.f",74,89,"EXCEPT",52,"180911.",180911,"38548071d5aa652bb90c7f111f86b427f798a1c9"
"scrib.f",74,89,"EXCEPT",53,"180931.",180931,"38548071d5aa652bb90c7f111f86b427f798a1c9"
"scrib.f",74,89,"EXCEPT",54,"180951.",180951,"38548071d5aa652bb90c7f111f86b427f798a1c9"
"scrib.f",74,89,"EXCEPT",55,"180981.",180981,"38548071d5aa652bb90c7f111f86b427f798a1c9"
"scrib.f",74,89,"EXCEPT",56,"181001.",181001,"38548071d5aa652bb90c7f111f86b427f798a1c9"
"scrib.f",74,89,"EXCEPT",57,"181071.",181071,"38548071d5aa652bb90c7f111f86b427f798a1c9"
"scrib.f",74,89,"EXCEPT",58,"181111.",181111,"38548071d5aa652bb90c7f111f86b427f798a1c9"
"scrib.f",74,89,"EXCEPT",59,"190080.",190080,"38548071d5aa652bb90c7f111f86b427f798a1c9"
"scrib.f",74,89,"EXCEPT",60,"190090.",190090,"38548071d5aa652bb90c7f111f86b427f798a1c9"
"scrib.f",74,89,"EXCEPT",61,"190131.",190131,"38548071d5aa652bb90c7f111f86b427f798a1c9"
"scrib.f",74,89,"EXCEPT",62,"200080.",200080,"38548071d5aa652bb90c7f111f86b427f798a1c9"
"scrib.f",74,89,"EXCEPT",63,"200090.",200090,"38548071d5aa652bb90c7f111f86b427f798a1c9"
"scrib.f",74,89,"EXCEPT",64,"200621.",200621,"38548071d5aa652bb90c7f111f86b427f798a1c9"
"scrib.f",74,89,"EXCEPT",65,"200641.",200641,"38548071d5aa652bb90c7f111f86b427f798a1c9"
"scrib.f",74,89,"EXCEPT",66,"200661.",200661,"38548071d5aa652bb90c7f111f86b427f798a1c9"
"scrib.f",74,89,"EXCEPT",67,"200670.",200670,"38548071d5aa652bb90c7f111f86b427f798a1c9"
"scrib.f",74,89,"EXCEPT",68,"200691.",200691,"38548071d5aa652bb90c7f111f86b427f798a1c9"
"scrib.f",74,89,"EXCEPT",69,"200710.",200710,"38548071d5aa652bb90c7f111f86b427f798a1c9"
"scrib.f",74,89,"EXCEPT",70,"200770.",200770,"38548071d5aa652bb90c7f111f86b427f798a1c9"
"scrib.f",74,89,"EXCEPT",71,"200791.",200791,"38548071d5aa652bb90c7f111f86b427f798a1c9"
"scrib.f",74,89,"EXCEPT",72,"999990.",999990,"38548071d5aa652bb90c7f111f86b427f798a1c9"
