"fia_code","nvel_template","volume_type","volume_class","source_file","source_line_start","source_line_end","upstream_commit"
"BD000006","R02ALN0***","SV6","board_foot","fiaeq2nveleq.for",21,253,"38548071d5aa652bb90c7f111f86b427f798a1c9"
"BD000007","R02ALN1***","SV6","board_foot","fiaeq2nveleq.for",21,253,"38548071d5aa652bb90c7f111f86b427f798a1c9"
"BD000008","102DVEW***","SV6","board_foot","fiaeq2nveleq.for",21,253,"38548071d5aa652bb90c7f111f86b427f798a1c9"
"BD000009","101DVEW***","SV6","board_foot","fiaeq2nveleq.for",21,253,"38548071d5aa652bb90c7f111f86b427f798a1c9"
"BD000011","P02WEN0***","SV4","board_foot","fiaeq2nveleq.for",21,253,"38548071d5aa652bb90c7f111f86b427f798a1c9"
"BD000012","P02WEN0***","SV6","board_foot","fiaeq2nveleq.for",21,253,"38548071d5aa652bb90c7f111f86b427f798a1c9"
"BD000013","P02WEN0***","SV8","board_foot","fiaeq2nveleq.for",21,253,"38548071d5aa652bb90c7f111f86b427f798a1c9"
"BD000014","P02WEN0***","SV4","board_foot","fiaeq2nveleq.for",21,253,"38548071d5aa652bb90c7f111f86b427f798a1c9"
"BD000015","P02WEN0***","SV6","board_foot","fiaeq2nveleq.for",21,253,"38548071d5aa652bb90c7f111f86b427f798a1c9"
"BD000016","P02WEN0***","SV8","board_foot","fiaeq2nveleq.for",21,253,"38548071d5aa652bb90c7f111f86b427f798a1c9"
"BD000017","P02WEN1***","SV5","board_foot","fiaeq2nveleq.for",21,253,"38548071d5aa652bb90c7f111f86b427f798a1c9"
"BD000018","P02WEN1***","SV6","board_foot","fiaeq2nveleq.for",21,253,"38548071d5aa652bb90c7f111f86b427f798a1c9"
"BD000019","P02WEN1***","SV7","board_foot","fiaeq2nveleq.for",21,253,"38548071d5aa652bb90c7f111f86b427f798a1c9"
"BD000020","P02WEN1***","SV8","board_foot","fiaeq2nveleq.for",21,253,"38548071d5aa652bb90c7f111f86b427f798a1c9"
"BD000021","P02WEN1***","SV5","board_foot","fiaeq2nveleq.for",21,253,"38548071d5aa652bb90c7f111f86b427f798a1c9"
"BD000022","P02WEN1***","SV6","board_foot","fiaeq2nveleq.for",21,253,"38548071d5aa652bb90c7f111f86b427f798a1c9"
"BD000023","P02WEN1***","SV7","board_foot","fiaeq2nveleq.for",21,253,"38548071d5aa652bb90c7f111f86b427f798a1c9"
"BD000024","P02WEN1***","SV8","board_foot","fiaeq2nveleq.for",21,253,"38548071d5aa652bb90c7f111f86b427f798a1c9"
"BD000025","P02BIG0***","SV6","board_foot","fiaeq2nveleq.for",21,253,"38548071d5aa652bb90c7f111f86b427f798a1c9"
"BD000026","P02BIG0***","SV8","board_foot","fiaeq2nveleq.for",21,253,"38548071d5aa652bb90c7f111f86b427f798a1c9"
"BD000030","8**DVEE***","IV7/9","board_foot","fiaeq2nveleq.for",21,253,"38548071d5aa652bb90c7f111f86b427f798a1c9"
"BD000031","901DVEE***","SV7/9","board_foot","fiaeq2nveleq.for",21,253,"38548071d5aa652bb90c7f111f86b427f798a1c9"
"BD000032","902DVEE***","IV7/9","board_foot","fiaeq2nveleq.for",21,253,"38548071d5aa652bb90c7f111f86b427f798a1c9"
"BD000033","903DVEE***","IV7/9","board_foot","fiaeq2nveleq.for",21,253,"38548071d5aa652bb90c7f111f86b427f798a1c9"
"BD000034","904DVEE***","IV7/9","board_foot","fiaeq2nveleq.for",21,253,"38548071d5aa652bb90c7f111f86b427f798a1c9"
"BD000035","905DVEE***","IV7/9","board_foot","fiaeq2nveleq.for",21,253,"38548071d5aa652bb90c7f111f86b427f798a1c9"
"BD000036","906DVEE***","IV7/9","board_foot","fiaeq2nveleq.for",21,253,"38548071d5aa652bb90c7f111f86b427f798a1c9"
"BD000038","500DVEW***","SV6/8","board_foot","fiaeq2nveleq.for",21,253,"38548071d5aa652bb90c7f111f86b427f798a1c9"
"BD000039","500DVEW***","IV6/8","board_foot","fiaeq2nveleq.for",21,253,"38548071d5aa652bb90c7f111f86b427f798a1c9"
"BD000040","H00SN2W***","SV6","board_foot","fiaeq2nveleq.for",21,253,"38548071d5aa652bb90c7f111f86b427f798a1c9"
"BD000041","N02SCT0***","IV6","board_foot","fiaeq2nveleq.for",21,253,"38548071d5aa652bb90c7f111f86b427f798a1c9"
"BD000042","N01STN0***","IV*","board_foot","fiaeq2nveleq.for",21,253,"38548071d5aa652bb90c7f111f86b427f798a1c9"
"BD000043","N01HAH0***","IV6","board_foot","fiaeq2nveleq.for",21,253,"38548071d5aa652bb90c7f111f86b427f798a1c9"
"BD000044","R00RMR0***","IV6","board_foot","fiaeq2nveleq.for",21,253,"38548071d5aa652bb90c7f111f86b427f798a1c9"
"BD000045","R00RMR0***","SV6","board_foot","fiaeq2nveleq.for",21,253,"38548071d5aa652bb90c7f111f86b427f798a1c9"
"BD000046","R01KEM0***","SV6","board_foot","fiaeq2nveleq.for",21,253,"38548071d5aa652bb90c7f111f86b427f798a1c9"
"BD000047","R01KEM0***","IV6","board_foot","fiaeq2nveleq.for",21,253,"38548071d5aa652bb90c7f111f86b427f798a1c9"
"BD000048","102DVEW***","SV6","board_foot","fiaeq2nveleq.for",21,253,"38548071d5aa652bb90c7f111f86b427f798a1c9"
"BD000049","S00SRS0***","IV6","board_foot","fiaeq2nveleq.for",21,253,"38548071d5aa652bb90c7f111f86b427f798a1c9"
"BD000050","P16BRC2***","SV616","board_foot","fiaeq2nveleq.for",21,253,"38548071d5aa652bb90c7f111f86b427f798a1c9"
"BD000051","P32BRC2***","SV632","board_foot","fiaeq2nveleq.for",21,253,"38548071d5aa652bb90c7f111f86b427f798a1c9"
"BD000052","P16BRC2***","SV816","board_foot","fiaeq2nveleq.for",21,253,"38548071d5aa652bb90c7f111f86b427f798a1c9"
"BD000053","P16BRC2***","IV6","board_foot","fiaeq2nveleq.for",21,253,"38548071d5aa652bb90c7f111f86b427f798a1c9"
"BD000054","P16BRC2***","IV8","board_foot","fiaeq2nveleq.for",21,253,"38548071d5aa652bb90c7f111f86b427f798a1c9"
"BD000055","P16BRC1***","SV616","board_foot","fiaeq2nveleq.for",21,253,"38548071d5aa652bb90c7f111f86b427f798a1c9"
"BD000056","P32BRC1***","SV632","board_foot","fiaeq2nveleq.for",21,253,"38548071d5aa652bb90c7f111f86b427f798a1c9"
"BD000057","P16BRC1***","SV816","board_foot","fiaeq2nveleq.for",21,253,"38548071d5aa652bb90c7f111f86b427f798a1c9"
"BD000058","P16BRC1***","IV6","board_foot","fiaeq2nveleq.for",21,253,"38548071d5aa652bb90c7f111f86b427f798a1c9"
"BD000059","P16BRC1***","IV8","board_foot","fiaeq2nveleq.for",21,253,"38548071d5aa652bb90c7f111f86b427f798a1c9"
"BD000060","P16BRI0***","SV616","board_foot","fiaeq2nveleq.for",21,253,"38548071d5aa652bb90c7f111f86b427f798a1c9"
"BD000061","P32BRI0***","SV632","board_foot","fiaeq2nveleq.for",21,253,"38548071d5aa652bb90c7f111f86b427f798a1c9"
"BD000062","P16BRI0***","SV816","board_foot","fiaeq2nveleq.for",21,253,"38548071d5aa652bb90c7f111f86b427f798a1c9"
"BD000063","P16BRI0***","IV6","board_foot","fiaeq2nveleq.for",21,253,"38548071d5aa652bb90c7f111f86b427f798a1c9"
"BD000064","P16BRI0***","IV8","board_foot","fiaeq2nveleq.for",21,253,"38548071d5aa652bb90c7f111f86b427f798a1c9"
"BD000065","P16BRO0***","SV616","board_foot","fiaeq2nveleq.for",21,253,"38548071d5aa652bb90c7f111f86b427f798a1c9"
"BD000066","P32BRO0***","SV632","board_foot","fiaeq2nveleq.for",21,253,"38548071d5aa652bb90c7f111f86b427f798a1c9"
"BD000067","P16BRO0***","SV816","board_foot","fiaeq2nveleq.for",21,253,"38548071d5aa652bb90c7f111f86b427f798a1c9"
"BD000068","P16BRO0***","IV6","board_foot","fiaeq2nveleq.for",21,253,"38548071d5aa652bb90c7f111f86b427f798a1c9"
"BD000069","P16BRO0***","IV8","board_foot","fiaeq2nveleq.for",21,253,"38548071d5aa652bb90c7f111f86b427f798a1c9"
"BD000070","P16SMF0***","SV616","board_foot","fiaeq2nveleq.for",21,253,"38548071d5aa652bb90c7f111f86b427f798a1c9"
"BD000071","P32SMF0***","SV632","board_foot","fiaeq2nveleq.for",21,253,"38548071d5aa652bb90c7f111f86b427f798a1c9"
"BD000072","P16SMF0***","SV816","board_foot","fiaeq2nveleq.for",21,253,"38548071d5aa652bb90c7f111f86b427f798a1c9"
"BD000073","P16SMF0***","IV6","board_foot","fiaeq2nveleq.for",21,253,"38548071d5aa652bb90c7f111f86b427f798a1c9"
"BD000074","P16SMF0***","IV8","board_foot","fiaeq2nveleq.for",21,253,"38548071d5aa652bb90c7f111f86b427f798a1c9"
"BD000075","P16PIL0***","SV616","board_foot","fiaeq2nveleq.for",21,253,"38548071d5aa652bb90c7f111f86b427f798a1c9"
"BD000076","P32PIL0***","SV632","board_foot","fiaeq2nveleq.for",21,253,"38548071d5aa652bb90c7f111f86b427f798a1c9"
"BD000077","P16PIL0***","SV816","board_foot","fiaeq2nveleq.for",21,253,"38548071d5aa652bb90c7f111f86b427f798a1c9"
"BD000078","P16PIL0***","IV6","board_foot","fiaeq2nveleq.for",21,253,"38548071d5aa652bb90c7f111f86b427f798a1c9"
"BD000079","P16PIL0***","IV8","board_foot","fiaeq2nveleq.for",21,253,"38548071d5aa652bb90c7f111f86b427f798a1c9"
"BD000080","P16KRU1***","SV6","board_foot","fiaeq2nveleq.for",21,253,"38548071d5aa652bb90c7f111f86b427f798a1c9"
"BD000081","P16KRU0***","SV616","board_foot","fiaeq2nveleq.for",21,253,"38548071d5aa652bb90c7f111f86b427f798a1c9"
"BD000082","P32KRU0***","SV632","board_foot","fiaeq2nveleq.for",21,253,"38548071d5aa652bb90c7f111f86b427f798a1c9"
"BD000083","P16KRU0***","SV816","board_foot","fiaeq2nveleq.for",21,253,"38548071d5aa652bb90c7f111f86b427f798a1c9"
"BD000084","P16KRU0***","IV6","board_foot","fiaeq2nveleq.for",21,253,"38548071d5aa652bb90c7f111f86b427f798a1c9"
"BD000085","P16KRU0***","IV8","board_foot","fiaeq2nveleq.for",21,253,"38548071d5aa652bb90c7f111f86b427f798a1c9"
"BD000086","A00DVEW***","SV6","board_foot","fiaeq2nveleq.for",21,253,"38548071d5aa652bb90c7f111f86b427f798a1c9"
"BD000087","A00DVEW***","IV6","board_foot","fiaeq2nveleq.for",21,253,"38548071d5aa652bb90c7f111f86b427f798a1c9"
"BD000088","A01DVEW***","IV6","board_foot","fiaeq2nveleq.for",21,253,"38548071d5aa652bb90c7f111f86b427f798a1c9"
"BD000089","A01DVEW***","SV6","board_foot","fiaeq2nveleq.for",21,253,"38548071d5aa652bb90c7f111f86b427f798a1c9"
"BD000090","P01DEM0***","SV6","board_foot","fiaeq2nveleq.for",21,253,"38548071d5aa652bb90c7f111f86b427f798a1c9"
"BD000091","P01DEM0***","IV6","board_foot","fiaeq2nveleq.for",21,253,"38548071d5aa652bb90c7f111f86b427f798a1c9"
"BD000092","P01EMB0***","SV6","board_foot","fiaeq2nveleq.for",21,253,"38548071d5aa652bb90c7f111f86b427f798a1c9"
"BD000093","P01EMB0***","IV6","board_foot","fiaeq2nveleq.for",21,253,"38548071d5aa652bb90c7f111f86b427f798a1c9"
"BD000095","P01BDE0***","IV6","board_foot","fiaeq2nveleq.for",21,253,"38548071d5aa652bb90c7f111f86b427f798a1c9"
"BD000096","P02MAC1***","SV6","board_foot","fiaeq2nveleq.for",21,253,"38548071d5aa652bb90c7f111f86b427f798a1c9"
"BD000097","P02MAC1***","IV6","board_foot","fiaeq2nveleq.for",21,253,"38548071d5aa652bb90c7f111f86b427f798a1c9"
"BD000098","P16MAC1***","SV616","board_foot","fiaeq2nveleq.for",21,253,"38548071d5aa652bb90c7f111f86b427f798a1c9"
"BD000099","P32MAC1***","SV632","board_foot","fiaeq2nveleq.for",21,253,"38548071d5aa652bb90c7f111f86b427f798a1c9"
"BD000100","P16MAC1***","SV816","board_foot","fiaeq2nveleq.for",21,253,"38548071d5aa652bb90c7f111f86b427f798a1c9"
"BD000101","P16MAC1***","IV6","board_foot","fiaeq2nveleq.for",21,253,"38548071d5aa652bb90c7f111f86b427f798a1c9"
"BD000102","P16MAC1***","IV8","board_foot","fiaeq2nveleq.for",21,253,"38548071d5aa652bb90c7f111f86b427f798a1c9"
"BD015001","301DVEW015","SV6","board_foot","fiaeq2nveleq.for",21,253,"38548071d5aa652bb90c7f111f86b427f798a1c9"
"BD015002","302DVEW015","SV6","board_foot","fiaeq2nveleq.for",21,253,"38548071d5aa652bb90c7f111f86b427f798a1c9"
"BD015003","P02MAC1015","IV6","board_foot","fiaeq2nveleq.for",21,253,"38548071d5aa652bb90c7f111f86b427f798a1c9"
"BD015004","P02MAC1015","SV6","board_foot","fiaeq2nveleq.for",21,253,"38548071d5aa652bb90c7f111f86b427f798a1c9"
"BD015005","P16MAC0015","SV616","board_foot","fiaeq2nveleq.for",21,253,"38548071d5aa652bb90c7f111f86b427f798a1c9"
"BD015006","P32MAC0015","SV632","board_foot","fiaeq2nveleq.for",21,253,"38548071d5aa652bb90c7f111f86b427f798a1c9"
"BD015007","P16MAC0015","SV816","board_foot","fiaeq2nveleq.for",21,253,"38548071d5aa652bb90c7f111f86b427f798a1c9"
"BD015008","P16MAC0015","IV6","board_foot","fiaeq2nveleq.for",21,253,"38548071d5aa652bb90c7f111f86b427f798a1c9"
"BD015009","P16MAC0015","IV8","board_foot","fiaeq2nveleq.for",21,253,"38548071d5aa652bb90c7f111f86b427f798a1c9"
"BD015010","301DVEW015","IV6","board_foot","fiaeq2nveleq.for",21,253,"38548071d5aa652bb90c7f111f86b427f798a1c9"
"BD015011","302DVEW015","IV6","board_foot","fiaeq2nveleq.for",21,253,"38548071d5aa652bb90c7f111f86b427f798a1c9"
"BD020001","P02MAC1020","IV6","board_foot","fiaeq2nveleq.for",21,253,"38548071d5aa652bb90c7f111f86b427f798a1c9"
"BD020002","P02MAC1020","SV6","board_foot","fiaeq2nveleq.for",21,253,"38548071d5aa652bb90c7f111f86b427f798a1c9"
"BD020003","P16MAC0020","SV616","board_foot","fiaeq2nveleq.for",21,253,"38548071d5aa652bb90c7f111f86b427f798a1c9"
"BD020004","P32MAC0020","SV632","board_foot","fiaeq2nveleq.for",21,253,"38548071d5aa652bb90c7f111f86b427f798a1c9"
"BD020005","P16MAC0020","SV816","board_foot","fiaeq2nveleq.for",21,253,"38548071d5aa652bb90c7f111f86b427f798a1c9"
"BD020006","P16MAC0020","IV6","board_foot","fiaeq2nveleq.for",21,253,"38548071d5aa652bb90c7f111f86b427f798a1c9"
"BD020007","P16MAC0020","IV8","board_foot","fiaeq2nveleq.for",21,253,"38548071d5aa652bb90c7f111f86b427f798a1c9"
"BD042002","P01BDE0042","IV6","board_foot","fiaeq2nveleq.for",21,253,"38548071d5aa652bb90c7f111f86b427f798a1c9"
"BD064001","P16CHT0064","SV616","board_foot","fiaeq2nveleq.for",21,253,"38548071d5aa652bb90c7f111f86b427f798a1c9"
"BD064002","P32CHT0064","SV632","board_foot","fiaeq2nveleq.for",21,253,"38548071d5aa652bb90c7f111f86b427f798a1c9"
"BD064003","P16CHT0064","SV816","board_foot","fiaeq2nveleq.for",21,253,"38548071d5aa652bb90c7f111f86b427f798a1c9"
"BD064004","P16CHT0064","IV6","board_foot","fiaeq2nveleq.for",21,253,"38548071d5aa652bb90c7f111f86b427f798a1c9"
"BD064005","P16CHT0064","IV8","board_foot","fiaeq2nveleq.for",21,253,"38548071d5aa652bb90c7f111f86b427f798a1c9"
"BD081001","P02MAC1081","IV6","board_foot","fiaeq2nveleq.for",21,253,"38548071d5aa652bb90c7f111f86b427f798a1c9"
"BD081002","P02MAC1081","SV6","board_foot","fiaeq2nveleq.for",21,253,"38548071d5aa652bb90c7f111f86b427f798a1c9"
"BD081003","P16MAC0081","SV616","board_foot","fiaeq2nveleq.for",21,253,"38548071d5aa652bb90c7f111f86b427f798a1c9"
"BD081004","P32MAC0081","SV632","board_foot","fiaeq2nveleq.for",21,253,"38548071d5aa652bb90c7f111f86b427f798a1c9"
"BD081005","P16MAC0081","SV816","board_foot","fiaeq2nveleq.for",21,253,"38548071d5aa652bb90c7f111f86b427f798a1c9"
"BD081006","P16MAC0081","IV6","board_foot","fiaeq2nveleq.for",21,253,"38548071d5aa652bb90c7f111f86b427f798a1c9"
"BD081007","P16MAC0081","IV8","board_foot","fiaeq2nveleq.for",21,253,"38548071d5aa652bb90c7f111f86b427f798a1c9"
"BD093001","200DVEW093","SV6","board_foot","fiaeq2nveleq.for",21,253,"38548071d5aa652bb90c7f111f86b427f798a1c9"
"BD093002","300DVEW093","SV6","board_foot","fiaeq2nveleq.for",21,253,"38548071d5aa652bb90c7f111f86b427f798a1c9"
"BD093003","200DVEW093","IV6","board_foot","fiaeq2nveleq.for",21,253,"38548071d5aa652bb90c7f111f86b427f798a1c9"
"BD093004","300DVEW093","IV6","board_foot","fiaeq2nveleq.for",21,253,"38548071d5aa652bb90c7f111f86b427f798a1c9"
"BD094001","P01DIP0094","SV6","board_foot","fiaeq2nveleq.for",21,253,"38548071d5aa652bb90c7f111f86b427f798a1c9"
"BD094002","A00DVEW094","SV6","board_foot","fiaeq2nveleq.for",21,253,"38548071d5aa652bb90c7f111f86b427f798a1c9"
"BD108001","200DVEW108","SV6","board_foot","fiaeq2nveleq.for",21,253,"38548071d5aa652bb90c7f111f86b427f798a1c9"
"BD108002","103DVEW108","SV6","board_foot","fiaeq2nveleq.for",21,253,"38548071d5aa652bb90c7f111f86b427f798a1c9"
"BD108003","104DVEW108","SV6","board_foot","fiaeq2nveleq.for",21,253,"38548071d5aa652bb90c7f111f86b427f798a1c9"
"BD108004","P02MAC1108","IV6","board_foot","fiaeq2nveleq.for",21,253,"38548071d5aa652bb90c7f111f86b427f798a1c9"
"BD108005","P02MAC1108","SV6","board_foot","fiaeq2nveleq.for",21,253,"38548071d5aa652bb90c7f111f86b427f798a1c9"
"BD108006","200DVEW108","SV8","board_foot","fiaeq2nveleq.for",21,253,"38548071d5aa652bb90c7f111f86b427f798a1c9"
"BD108007","200DVEW108","IV8","board_foot","fiaeq2nveleq.for",21,253,"38548071d5aa652bb90c7f111f86b427f798a1c9"
"BD108008","P16MAC0108","SV616","board_foot","fiaeq2nveleq.for",21,253,"38548071d5aa652bb90c7f111f86b427f798a1c9"
"BD108009","P32MAC0108","SV632","board_foot","fiaeq2nveleq.for",21,253,"38548071d5aa652bb90c7f111f86b427f798a1c9"
"BD108010","P16MAC0108","SV816","board_foot","fiaeq2nveleq.for",21,253,"38548071d5aa652bb90c7f111f86b427f798a1c9"
"BD108011","P16MAC0108","IV6","board_foot","fiaeq2nveleq.for",21,253,"38548071d5aa652bb90c7f111f86b427f798a1c9"
"BD108012","P16MAC0108","IV8","board_foot","fiaeq2nveleq.for",21,253,"38548071d5aa652bb90c7f111f86b427f798a1c9"
"BD113001","300DVEW113","SV6","board_foot","fiaeq2nveleq.for",21,253,"38548071d5aa652bb90c7f111f86b427f798a1c9"
"BD113002","300DVEW113","IV6","board_foot","fiaeq2nveleq.for",21,253,"38548071d5aa652bb90c7f111f86b427f798a1c9"
"BD117001","P02MAC1117","IV6","board_foot","fiaeq2nveleq.for",21,253,"38548071d5aa652bb90c7f111f86b427f798a1c9"
"BD117002","P02MAC1117","SV6","board_foot","fiaeq2nveleq.for",21,253,"38548071d5aa652bb90c7f111f86b427f798a1c9"
"BD117003","P16MAC0117","SV616","board_foot","fiaeq2nveleq.for",21,253,"38548071d5aa652bb90c7f111f86b427f798a1c9"
"BD117004","P32MAC0117","SV632","board_foot","fiaeq2nveleq.for",21,253,"38548071d5aa652bb90c7f111f86b427f798a1c9"
"BD117005","P16MAC0117","SV816","board_foot","fiaeq2nveleq.for",21,253,"38548071d5aa652bb90c7f111f86b427f798a1c9"
"BD117006","P16MAC0117","IV6","board_foot","fiaeq2nveleq.for",21,253,"38548071d5aa652bb90c7f111f86b427f798a1c9"
"BD117007","P16MAC0117","IV8","board_foot","fiaeq2nveleq.for",21,253,"38548071d5aa652bb90c7f111f86b427f798a1c9"
"BD119001","P02MAC1119","IV6","board_foot","fiaeq2nveleq.for",21,253,"38548071d5aa652bb90c7f111f86b427f798a1c9"
"BD119002","P02MAC1119","SV6","board_foot","fiaeq2nveleq.for",21,253,"38548071d5aa652bb90c7f111f86b427f798a1c9"
"BD119003","P16MAC0119","SV616","board_foot","fiaeq2nveleq.for",21,253,"38548071d5aa652bb90c7f111f86b427f798a1c9"
"BD119004","P32MAC0119","SV632","board_foot","fiaeq2nveleq.for",21,253,"38548071d5aa652bb90c7f111f86b427f798a1c9"
"BD119005","P16MAC0119","SV816","board_foot","fiaeq2nveleq.for",21,253,"38548071d5aa652bb90c7f111f86b427f798a1c9"
"BD119006","P16MAC0119","IV6","board_foot","fiaeq2nveleq.for",21,253,"38548071d5aa652bb90c7f111f86b427f798a1c9"
"BD119007","P16MAC0119","IV8","board_foot","fiaeq2nveleq.for",21,253,"38548071d5aa652bb90c7f111f86b427f798a1c9"
"BD122001","200DVEW122","SV6","board_foot","fiaeq2nveleq.for",21,253,"38548071d5aa652bb90c7f111f86b427f798a1c9"
"BD122002","212DVEW122","SV8","board_foot","fiaeq2nveleq.for",21,253,"38548071d5aa652bb90c7f111f86b427f798a1c9"
"BD122003","203DVEW122","SV6","board_foot","fiaeq2nveleq.for",21,253,"38548071d5aa652bb90c7f111f86b427f798a1c9"
"BD122004","300DVEW122","SV6","board_foot","fiaeq2nveleq.for",21,253,"38548071d5aa652bb90c7f111f86b427f798a1c9"
"BD122005","301DVEW122","SV6","board_foot","fiaeq2nveleq.for",21,253,"38548071d5aa652bb90c7f111f86b427f798a1c9"
"BD122006","302DVEW122","SV6","board_foot","fiaeq2nveleq.for",21,253,"38548071d5aa652bb90c7f111f86b427f798a1c9"
"BD122007","103DVEW122","SV6","board_foot","fiaeq2nveleq.for",21,253,"38548071d5aa652bb90c7f111f86b427f798a1c9"
"BD122008","104DVEW122","SV6","board_foot","fiaeq2nveleq.for",21,253,"38548071d5aa652bb90c7f111f86b427f798a1c9"
"BD122009","105DVEW122","SV6","board_foot","fiaeq2nveleq.for",21,253,"38548071d5aa652bb90c7f111f86b427f798a1c9"
"BD122010","P02MAC1122","IV6","board_foot","fiaeq2nveleq.for",21,253,"38548071d5aa652bb90c7f111f86b427f798a1c9"
"BD122011","P02MAC1122","SV6","board_foot","fiaeq2nveleq.for",21,253,"38548071d5aa652bb90c7f111f86b427f798a1c9"
"BD122012","R00MYE0122","SV6","board_foot","fiaeq2nveleq.for",21,253,"38548071d5aa652bb90c7f111f86b427f798a1c9"
"BD122013","R00MYE1122","SV6","board_foot","fiaeq2nveleq.for",21,253,"38548071d5aa652bb90c7f111f86b427f798a1c9"
"BD122014","R00MYE0122","IV6","board_foot","fiaeq2nveleq.for",21,253,"38548071d5aa652bb90c7f111f86b427f798a1c9"
"BD122015","R00MYE1122","IV6","board_foot","fiaeq2nveleq.for",21,253,"38548071d5aa652bb90c7f111f86b427f798a1c9"
"BD122016","200DVEW122","IV6","board_foot","fiaeq2nveleq.for",21,253,"38548071d5aa652bb90c7f111f86b427f798a1c9"
"BD122017","212DVEW122","IV6","board_foot","fiaeq2nveleq.for",21,253,"38548071d5aa652bb90c7f111f86b427f798a1c9"
"BD122018","P16MAC0122","SV616","board_foot","fiaeq2nveleq.for",21,253,"38548071d5aa652bb90c7f111f86b427f798a1c9"
"BD122019","P32MAC0122","SV632","board_foot","fiaeq2nveleq.for",21,253,"38548071d5aa652bb90c7f111f86b427f798a1c9"
"BD122020","P16MAC0122","SV816","board_foot","fiaeq2nveleq.for",21,253,"38548071d5aa652bb90c7f111f86b427f798a1c9"
"BD122021","P16MAC0122","IV6","board_foot","fiaeq2nveleq.for",21,253,"38548071d5aa652bb90c7f111f86b427f798a1c9"
"BD122022","P16MAC0122","IV8","board_foot","fiaeq2nveleq.for",21,253,"38548071d5aa652bb90c7f111f86b427f798a1c9"
"BD122023","301DVEW122","IV6","board_foot","fiaeq2nveleq.for",21,253,"38548071d5aa652bb90c7f111f86b427f798a1c9"
"BD122024","302DVEW122","IV6","board_foot","fiaeq2nveleq.for",21,253,"38548071d5aa652bb90c7f111f86b427f798a1c9"
"BD202001","301DVEW202","SV6","board_foot","fiaeq2nveleq.for",21,253,"38548071d5aa652bb90c7f111f86b427f798a1c9"
"BD202002","302DVEW202","SV6","board_foot","fiaeq2nveleq.for",21,253,"38548071d5aa652bb90c7f111f86b427f798a1c9"
"BD202003","R01KEM0202","SV6","board_foot","fiaeq2nveleq.for",21,253,"38548071d5aa652bb90c7f111f86b427f798a1c9"
"BD202004","103DVEW202","SV6","board_foot","fiaeq2nveleq.for",21,253,"38548071d5aa652bb90c7f111f86b427f798a1c9"
"BD202005","P02KRU2202","SV6","board_foot","fiaeq2nveleq.for",21,253,"38548071d5aa652bb90c7f111f86b427f798a1c9"
"BD202006","P02MAC1202","IV6","board_foot","fiaeq2nveleq.for",21,253,"38548071d5aa652bb90c7f111f86b427f798a1c9"
"BD202007","P02MAC1202","SV6","board_foot","fiaeq2nveleq.for",21,253,"38548071d5aa652bb90c7f111f86b427f798a1c9"
"BD202008","P16MAC0202","SV616","board_foot","fiaeq2nveleq.for",21,253,"38548071d5aa652bb90c7f111f86b427f798a1c9"
"BD202009","P32MAC0202","SV632","board_foot","fiaeq2nveleq.for",21,253,"38548071d5aa652bb90c7f111f86b427f798a1c9"
"BD202010","P16MAC0202","SV816","board_foot","fiaeq2nveleq.for",21,253,"38548071d5aa652bb90c7f111f86b427f798a1c9"
"BD202011","P16MAC0202","IV6","board_foot","fiaeq2nveleq.for",21,253,"38548071d5aa652bb90c7f111f86b427f798a1c9"
"BD202012","P16MAC0202","IV8","board_foot","fiaeq2nveleq.for",21,253,"38548071d5aa652bb90c7f111f86b427f798a1c9"
"BD202013","P16KIN0202","SV616","board_foot","fiaeq2nveleq.for",21,253,"38548071d5aa652bb90c7f111f86b427f798a1c9"
"BD202014","P32KIN0202","SV632","board_foot","fiaeq2nveleq.for",21,253,"38548071d5aa652bb90c7f111f86b427f798a1c9"
"BD202015","P16KIN0202","SV816","board_foot","fiaeq2nveleq.for",21,253,"38548071d5aa652bb90c7f111f86b427f798a1c9"
"BD202016","P16KIN0202","IV6","board_foot","fiaeq2nveleq.for",21,253,"38548071d5aa652bb90c7f111f86b427f798a1c9"
"BD202017","P16KIN0202","IV8","board_foot","fiaeq2nveleq.for",21,253,"38548071d5aa652bb90c7f111f86b427f798a1c9"
"BD202018","301DVEW202","IV6","board_foot","fiaeq2nveleq.for",21,253,"38548071d5aa652bb90c7f111f86b427f798a1c9"
"BD202019","302DVEW202","IV6","board_foot","fiaeq2nveleq.for",21,253,"38548071d5aa652bb90c7f111f86b427f798a1c9"
"BD211001","P02KRU2211","SV6","board_foot","fiaeq2nveleq.for",21,253,"38548071d5aa652bb90c7f111f86b427f798a1c9"
"BD212001","500DVEW212","SV6","board_foot","fiaeq2nveleq.for",21,253,"38548071d5aa652bb90c7f111f86b427f798a1c9"
"BD212002","500DVEW212","SV6","board_foot","fiaeq2nveleq.for",21,253,"38548071d5aa652bb90c7f111f86b427f798a1c9"
"BD242002","P01BDE0242","IV6","board_foot","fiaeq2nveleq.for",21,253,"38548071d5aa652bb90c7f111f86b427f798a1c9"
"BD263001","P02KRU2263","SV6","board_foot","fiaeq2nveleq.for",21,253,"38548071d5aa652bb90c7f111f86b427f798a1c9"
"BD263002","P16CHA0263","SV616","board_foot","fiaeq2nveleq.for",21,253,"38548071d5aa652bb90c7f111f86b427f798a1c9"
"BD263003","P32CHA0263","SV632","board_foot","fiaeq2nveleq.for",21,253,"38548071d5aa652bb90c7f111f86b427f798a1c9"
"BD263004","P16CHA0263","SV816","board_foot","fiaeq2nveleq.for",21,253,"38548071d5aa652bb90c7f111f86b427f798a1c9"
"BD263005","P16CHA0263","IV6","board_foot","fiaeq2nveleq.for",21,253,"38548071d5aa652bb90c7f111f86b427f798a1c9"
"BD263006","P16CHA0263","IV8","board_foot","fiaeq2nveleq.for",21,253,"38548071d5aa652bb90c7f111f86b427f798a1c9"
"BD264001","P16BEL0264","SV616","board_foot","fiaeq2nveleq.for",21,253,"38548071d5aa652bb90c7f111f86b427f798a1c9"
"BD264002","P32BEL0264","SV632","board_foot","fiaeq2nveleq.for",21,253,"38548071d5aa652bb90c7f111f86b427f798a1c9"
"BD264003","P16BEL0264","SV816","board_foot","fiaeq2nveleq.for",21,253,"38548071d5aa652bb90c7f111f86b427f798a1c9"
"BD264004","P16BEL0264","IV6","board_foot","fiaeq2nveleq.for",21,253,"38548071d5aa652bb90c7f111f86b427f798a1c9"
"BD264005","P16BEL0264","IV8","board_foot","fiaeq2nveleq.for",21,253,"38548071d5aa652bb90c7f111f86b427f798a1c9"
"BD351001","500DVEW351","SV6/8","board_foot","fiaeq2nveleq.for",21,253,"38548071d5aa652bb90c7f111f86b427f798a1c9"
"BD351002","500DVEW351","IV6/8","board_foot","fiaeq2nveleq.for",21,253,"38548071d5aa652bb90c7f111f86b427f798a1c9"
"BD351003","P16CUR0351","SV616","board_foot","fiaeq2nveleq.for",21,253,"38548071d5aa652bb90c7f111f86b427f798a1c9"
"BD351004","P32CUR0351","SV632","board_foot","fiaeq2nveleq.for",21,253,"38548071d5aa652bb90c7f111f86b427f798a1c9"
"BD351005","P16CUR0351","SV816","board_foot","fiaeq2nveleq.for",21,253,"38548071d5aa652bb90c7f111f86b427f798a1c9"
"BD351006","P16CUR0351","IV6","board_foot","fiaeq2nveleq.for",21,253,"38548071d5aa652bb90c7f111f86b427f798a1c9"
"BD351007","P16CUR0351","IV8","board_foot","fiaeq2nveleq.for",21,253,"38548071d5aa652bb90c7f111f86b427f798a1c9"
"BD740001","R01KEM0740","SV8","board_foot","fiaeq2nveleq.for",21,253,"38548071d5aa652bb90c7f111f86b427f798a1c9"
"BD746001","200DVEW746","SV6","board_foot","fiaeq2nveleq.for",21,253,"38548071d5aa652bb90c7f111f86b427f798a1c9"
"BD746002","300DVEW746","SV6","board_foot","fiaeq2nveleq.for",21,253,"38548071d5aa652bb90c7f111f86b427f798a1c9"
"BD746003","200DVEW746","IV6","board_foot","fiaeq2nveleq.for",21,253,"38548071d5aa652bb90c7f111f86b427f798a1c9"
"BD746004","300DVEW746","IV6","board_foot","fiaeq2nveleq.for",21,253,"38548071d5aa652bb90c7f111f86b427f798a1c9"
"BD998001","P16MAC0998","SV616","board_foot","fiaeq2nveleq.for",21,253,"38548071d5aa652bb90c7f111f86b427f798a1c9"
"BD998002","P32MAC0998","SV632","board_foot","fiaeq2nveleq.for",21,253,"38548071d5aa652bb90c7f111f86b427f798a1c9"
"BD998003","P16MAC0998","SV816","board_foot","fiaeq2nveleq.for",21,253,"38548071d5aa652bb90c7f111f86b427f798a1c9"
"BD998004","P16MAC0998","IV6","board_foot","fiaeq2nveleq.for",21,253,"38548071d5aa652bb90c7f111f86b427f798a1c9"
"BD998005","P16MAC0998","IV8","board_foot","fiaeq2nveleq.for",21,253,"38548071d5aa652bb90c7f111f86b427f798a1c9"
"CU000006","R02ALN0***","CVT","cubic","fiaeq2nveleq.for",254,617,"38548071d5aa652bb90c7f111f86b427f798a1c9"
"CU000007","R02ALN1***","CVT","cubic","fiaeq2nveleq.for",254,617,"38548071d5aa652bb90c7f111f86b427f798a1c9"
"CU000008","102DVEW***","CV4","cubic","fiaeq2nveleq.for",254,617,"38548071d5aa652bb90c7f111f86b427f798a1c9"
"CU000009","101DVEW***","CVT","cubic","fiaeq2nveleq.for",254,617,"38548071d5aa652bb90c7f111f86b427f798a1c9"
"CU000010","101DVEW***","CV*","cubic","fiaeq2nveleq.for",254,617,"38548071d5aa652bb90c7f111f86b427f798a1c9"
"CU000011","P02WEN0***","CVT","cubic","fiaeq2nveleq.for",254,617,"38548071d5aa652bb90c7f111f86b427f798a1c9"
"CU000012","P02WEN0***","CV4","cubic","fiaeq2nveleq.for",254,617,"38548071d5aa652bb90c7f111f86b427f798a1c9"
"CU000013","P02WEN0***","CV4","cubic","fiaeq2nveleq.for",254,617,"38548071d5aa652bb90c7f111f86b427f798a1c9"
"CU000014","R01FAU0***","CVTS","cubic","fiaeq2nveleq.for",254,617,"38548071d5aa652bb90c7f111f86b427f798a1c9"
"CU000015","R01FAU0***","TIP2","cubic","fiaeq2nveleq.for",254,617,"38548071d5aa652bb90c7f111f86b427f798a1c9"
"CU000016","R01FAU0***","TIP3","cubic","fiaeq2nveleq.for",254,617,"38548071d5aa652bb90c7f111f86b427f798a1c9"
"CU000017","R01FAU0***","TIP4","cubic","fiaeq2nveleq.for",254,617,"38548071d5aa652bb90c7f111f86b427f798a1c9"
"CU000018","R01FAU0***","TIP5","cubic","fiaeq2nveleq.for",254,617,"38548071d5aa652bb90c7f111f86b427f798a1c9"
"CU000019","R01FAU0***","TIP6","cubic","fiaeq2nveleq.for",254,617,"38548071d5aa652bb90c7f111f86b427f798a1c9"
"CU000020","R01FAU0***","TIP7","cubic","fiaeq2nveleq.for",254,617,"38548071d5aa652bb90c7f111f86b427f798a1c9"
"CU000021","R01FAU0***","TIP8","cubic","fiaeq2nveleq.for",254,617,"38548071d5aa652bb90c7f111f86b427f798a1c9"
"CU000022","900DVEE***","CVTS","cubic","fiaeq2nveleq.for",254,617,"38548071d5aa652bb90c7f111f86b427f798a1c9"
"CU000023","P02HOR0***","CV4","cubic","fiaeq2nveleq.for",254,617,"38548071d5aa652bb90c7f111f86b427f798a1c9"
"CU000024","500DVEW***","CVT","cubic","fiaeq2nveleq.for",254,617,"38548071d5aa652bb90c7f111f86b427f798a1c9"
"CU000025","500DVEW***","CV4","cubic","fiaeq2nveleq.for",254,617,"38548071d5aa652bb90c7f111f86b427f798a1c9"
"CU000026","500DVEW***","CV9","cubic","fiaeq2nveleq.for",254,617,"38548071d5aa652bb90c7f111f86b427f798a1c9"
"CU000028","P02WEN1***","CV5","cubic","fiaeq2nveleq.for",254,617,"38548071d5aa652bb90c7f111f86b427f798a1c9"
"CU000029","P02WEN1***","CV6","cubic","fiaeq2nveleq.for",254,617,"38548071d5aa652bb90c7f111f86b427f798a1c9"
"CU000030","P02WEN1***","CV7","cubic","fiaeq2nveleq.for",254,617,"38548071d5aa652bb90c7f111f86b427f798a1c9"
"CU000031","P02WEN1***","CV8","cubic","fiaeq2nveleq.for",254,617,"38548071d5aa652bb90c7f111f86b427f798a1c9"
"CU000032","P02WEN1***","CV5","cubic","fiaeq2nveleq.for",254,617,"38548071d5aa652bb90c7f111f86b427f798a1c9"
"CU000033","P02WEN1***","CV6","cubic","fiaeq2nveleq.for",254,617,"38548071d5aa652bb90c7f111f86b427f798a1c9"
"CU000034","P02WEN1***","CV7","cubic","fiaeq2nveleq.for",254,617,"38548071d5aa652bb90c7f111f86b427f798a1c9"
"CU000035","P02WEN1***","CV8","cubic","fiaeq2nveleq.for",254,617,"38548071d5aa652bb90c7f111f86b427f798a1c9"
"CU000036","N02BAR0***","CV4","cubic","fiaeq2nveleq.for",254,617,"38548071d5aa652bb90c7f111f86b427f798a1c9"
"CU000037","P02BIG0***","CV4","cubic","fiaeq2nveleq.for",254,617,"38548071d5aa652bb90c7f111f86b427f798a1c9"
"CU000038","P02BIG0***","CV6","cubic","fiaeq2nveleq.for",254,617,"38548071d5aa652bb90c7f111f86b427f798a1c9"
"CU000039","N00GRE0***","CVT","cubic","fiaeq2nveleq.for",254,617,"38548071d5aa652bb90c7f111f86b427f798a1c9"
"CU000040","R00MOI1***","CVT","cubic","fiaeq2nveleq.for",254,617,"38548071d5aa652bb90c7f111f86b427f798a1c9"
"CU000043","891CLKO***","CV*","cubic","fiaeq2nveleq.for",254,617,"38548071d5aa652bb90c7f111f86b427f798a1c9"
"CU000044","891CLKE***","CV*","cubic","fiaeq2nveleq.for",254,617,"38548071d5aa652bb90c7f111f86b427f798a1c9"
"CU000045","8**DVEE***","CV7/9","cubic","fiaeq2nveleq.for",254,617,"38548071d5aa652bb90c7f111f86b427f798a1c9"
"CU000046","8**DVEE***","CV4","cubic","fiaeq2nveleq.for",254,617,"38548071d5aa652bb90c7f111f86b427f798a1c9"
"CU000047","911DVEE***","CV4","cubic","fiaeq2nveleq.for",254,617,"38548071d5aa652bb90c7f111f86b427f798a1c9"
"CU000048","912DVEE***","CV7/9","cubic","fiaeq2nveleq.for",254,617,"38548071d5aa652bb90c7f111f86b427f798a1c9"
"CU000049","500DVEW***","CV*","cubic","fiaeq2nveleq.for",254,617,"38548071d5aa652bb90c7f111f86b427f798a1c9"
"CU000050","H00SN2W***","CVT","cubic","fiaeq2nveleq.for",254,617,"38548071d5aa652bb90c7f111f86b427f798a1c9"
"CU000051","H00SN2W***","CV4","cubic","fiaeq2nveleq.for",254,617,"38548071d5aa652bb90c7f111f86b427f798a1c9"
"CU000052","N02SCT0***","CV4","cubic","fiaeq2nveleq.for",254,617,"38548071d5aa652bb90c7f111f86b427f798a1c9"
"CU000053","N02SCT0***","CV7/9","cubic","fiaeq2nveleq.for",254,617,"38548071d5aa652bb90c7f111f86b427f798a1c9"
"CU000054","N01STN0***","CV*","cubic","fiaeq2nveleq.for",254,617,"38548071d5aa652bb90c7f111f86b427f798a1c9"
"CU000055","N01HAH0***","CV4","cubic","fiaeq2nveleq.for",254,617,"38548071d5aa652bb90c7f111f86b427f798a1c9"
"CU000056","N01HAH0***","CV7/9","cubic","fiaeq2nveleq.for",254,617,"38548071d5aa652bb90c7f111f86b427f798a1c9"
"CU000057","R00MOI0***","CVT","cubic","fiaeq2nveleq.for",254,617,"38548071d5aa652bb90c7f111f86b427f798a1c9"
"CU000058","R00MOI0***","CV4","cubic","fiaeq2nveleq.for",254,617,"38548071d5aa652bb90c7f111f86b427f798a1c9"
"CU000059","R00RMR0***","CV4","cubic","fiaeq2nveleq.for",254,617,"38548071d5aa652bb90c7f111f86b427f798a1c9"
"CU000060","R00RMR0***","CVT","cubic","fiaeq2nveleq.for",254,617,"38548071d5aa652bb90c7f111f86b427f798a1c9"
"CU000061","R00CLE0000","CVT","cubic","fiaeq2nveleq.for",254,617,"38548071d5aa652bb90c7f111f86b427f798a1c9"
"CU000062","R00CLE0001","CVT","cubic","fiaeq2nveleq.for",254,617,"38548071d5aa652bb90c7f111f86b427f798a1c9"
"CU000063","R01CLE0000","CVT","cubic","fiaeq2nveleq.for",254,617,"38548071d5aa652bb90c7f111f86b427f798a1c9"
"CU000064","R01CLE0001","CVT","cubic","fiaeq2nveleq.for",254,617,"38548071d5aa652bb90c7f111f86b427f798a1c9"
"CU000065","R01KEM0***","CV4","cubic","fiaeq2nveleq.for",254,617,"38548071d5aa652bb90c7f111f86b427f798a1c9"
"CU000066","R01KEM0***","CVT","cubic","fiaeq2nveleq.for",254,617,"38548071d5aa652bb90c7f111f86b427f798a1c9"
"CU000067","S00SRS0***","CV4","cubic","fiaeq2nveleq.for",254,617,"38548071d5aa652bb90c7f111f86b427f798a1c9"
"CU000068","S00SRS0***","CVT","cubic","fiaeq2nveleq.for",254,617,"38548071d5aa652bb90c7f111f86b427f798a1c9"
"CU000069","S00SRS0***","CV7/9","cubic","fiaeq2nveleq.for",254,617,"38548071d5aa652bb90c7f111f86b427f798a1c9"
"CU000070","P16BRC2***","CVTS","cubic","fiaeq2nveleq.for",254,617,"38548071d5aa652bb90c7f111f86b427f798a1c9"
"CU000071","P16BRC2***","CVT","cubic","fiaeq2nveleq.for",254,617,"38548071d5aa652bb90c7f111f86b427f798a1c9"
"CU000072","P16BRC2***","CV4","cubic","fiaeq2nveleq.for",254,617,"38548071d5aa652bb90c7f111f86b427f798a1c9"
"CU000073","P16BRC2***","CV6","cubic","fiaeq2nveleq.for",254,617,"38548071d5aa652bb90c7f111f86b427f798a1c9"
"CU000074","P16BRC2***","CV8","cubic","fiaeq2nveleq.for",254,617,"38548071d5aa652bb90c7f111f86b427f798a1c9"
"CU000075","P16BRC1***","CVTS","cubic","fiaeq2nveleq.for",254,617,"38548071d5aa652bb90c7f111f86b427f798a1c9"
"CU000076","P16BRC1***","CVT","cubic","fiaeq2nveleq.for",254,617,"38548071d5aa652bb90c7f111f86b427f798a1c9"
"CU000077","P16BRC1***","CV4","cubic","fiaeq2nveleq.for",254,617,"38548071d5aa652bb90c7f111f86b427f798a1c9"
"CU000078","P16BRC1***","CV6","cubic","fiaeq2nveleq.for",254,617,"38548071d5aa652bb90c7f111f86b427f798a1c9"
"CU000079","P16BRC1***","CV8","cubic","fiaeq2nveleq.for",254,617,"38548071d5aa652bb90c7f111f86b427f798a1c9"
"CU000080","P16BRI0***","CVTS","cubic","fiaeq2nveleq.for",254,617,"38548071d5aa652bb90c7f111f86b427f798a1c9"
"CU000081","P16BRI0***","CVT","cubic","fiaeq2nveleq.for",254,617,"38548071d5aa652bb90c7f111f86b427f798a1c9"
"CU000082","P16BRI0***","CV4","cubic","fiaeq2nveleq.for",254,617,"38548071d5aa652bb90c7f111f86b427f798a1c9"
"CU000083","P16BRI0***","CV6","cubic","fiaeq2nveleq.for",254,617,"38548071d5aa652bb90c7f111f86b427f798a1c9"
"CU000084","P16BRI0***","CV8","cubic","fiaeq2nveleq.for",254,617,"38548071d5aa652bb90c7f111f86b427f798a1c9"
"CU000085","P16BRO0***","CVTS","cubic","fiaeq2nveleq.for",254,617,"38548071d5aa652bb90c7f111f86b427f798a1c9"
"CU000086","P16BRO0***","CVT","cubic","fiaeq2nveleq.for",254,617,"38548071d5aa652bb90c7f111f86b427f798a1c9"
"CU000087","P16BRO0***","CV4","cubic","fiaeq2nveleq.for",254,617,"38548071d5aa652bb90c7f111f86b427f798a1c9"
"CU000088","P16BRO0***","CV6","cubic","fiaeq2nveleq.for",254,617,"38548071d5aa652bb90c7f111f86b427f798a1c9"
"CU000089","P16BRO0***","CV8","cubic","fiaeq2nveleq.for",254,617,"38548071d5aa652bb90c7f111f86b427f798a1c9"
"CU000090","P16SMF0***","CVTS","cubic","fiaeq2nveleq.for",254,617,"38548071d5aa652bb90c7f111f86b427f798a1c9"
"CU000091","P16SMF0***","CVT","cubic","fiaeq2nveleq.for",254,617,"38548071d5aa652bb90c7f111f86b427f798a1c9"
"CU000092","P16SMF0***","CV4","cubic","fiaeq2nveleq.for",254,617,"38548071d5aa652bb90c7f111f86b427f798a1c9"
"CU000093","P16SMF0***","CV6","cubic","fiaeq2nveleq.for",254,617,"38548071d5aa652bb90c7f111f86b427f798a1c9"
"CU000094","P16SMF0***","CV8","cubic","fiaeq2nveleq.for",254,617,"38548071d5aa652bb90c7f111f86b427f798a1c9"
"CU000095","P16PIL0***","CVTS","cubic","fiaeq2nveleq.for",254,617,"38548071d5aa652bb90c7f111f86b427f798a1c9"
"CU000096","P16PIL0***","CVT","cubic","fiaeq2nveleq.for",254,617,"38548071d5aa652bb90c7f111f86b427f798a1c9"
"CU000097","P16PIL0***","CV4","cubic","fiaeq2nveleq.for",254,617,"38548071d5aa652bb90c7f111f86b427f798a1c9"
"CU000098","P16PIL0***","CV6","cubic","fiaeq2nveleq.for",254,617,"38548071d5aa652bb90c7f111f86b427f798a1c9"
"CU000099","P16KRU1***","CVT","cubic","fiaeq2nveleq.for",254,617,"38548071d5aa652bb90c7f111f86b427f798a1c9"
"CU000100","P16KRU0***","CVTS","cubic","fiaeq2nveleq.for",254,617,"38548071d5aa652bb90c7f111f86b427f798a1c9"
"CU000101","P16KRU0***","CVT","cubic","fiaeq2nveleq.for",254,617,"38548071d5aa652bb90c7f111f86b427f798a1c9"
"CU000102","P16KRU0***","CV4","cubic","fiaeq2nveleq.for",254,617,"38548071d5aa652bb90c7f111f86b427f798a1c9"
"CU000103","P16KRU0***","CV6","cubic","fiaeq2nveleq.for",254,617,"38548071d5aa652bb90c7f111f86b427f798a1c9"
"CU000104","P16KRU0***","CV8","cubic","fiaeq2nveleq.for",254,617,"38548071d5aa652bb90c7f111f86b427f798a1c9"
"CU000105","A00DVEW***","CVT","cubic","fiaeq2nveleq.for",254,617,"38548071d5aa652bb90c7f111f86b427f798a1c9"
"CU000106","A00DVEW***","CV4","cubic","fiaeq2nveleq.for",254,617,"38548071d5aa652bb90c7f111f86b427f798a1c9"
"CU000107","P01GRE0***","CVTS","cubic","fiaeq2nveleq.for",254,617,"38548071d5aa652bb90c7f111f86b427f798a1c9"
"CU000108","P01GRE0***","CV4","cubic","fiaeq2nveleq.for",254,617,"38548071d5aa652bb90c7f111f86b427f798a1c9"
"CU000109","A01DVEW***","CV4","cubic","fiaeq2nveleq.for",254,617,"38548071d5aa652bb90c7f111f86b427f798a1c9"
"CU000110","R01KEM0***","CV6/8","cubic","fiaeq2nveleq.for",254,617,"38548071d5aa652bb90c7f111f86b427f798a1c9"
"CU000111","R00RMR0***","CV6","cubic","fiaeq2nveleq.for",254,617,"38548071d5aa652bb90c7f111f86b427f798a1c9"
"CU000112","R00MOI0***","CV6","cubic","fiaeq2nveleq.for",254,617,"38548071d5aa652bb90c7f111f86b427f798a1c9"
"CU000113","P01GRE0***","CV6","cubic","fiaeq2nveleq.for",254,617,"38548071d5aa652bb90c7f111f86b427f798a1c9"
"CU000114","P01GRE0***","CV8","cubic","fiaeq2nveleq.for",254,617,"38548071d5aa652bb90c7f111f86b427f798a1c9"
"CU000115","A16DEMW***","CVT","cubic","fiaeq2nveleq.for",254,617,"38548071d5aa652bb90c7f111f86b427f798a1c9"
"CU000116","P01DEM0***","CV*","cubic","fiaeq2nveleq.for",254,617,"38548071d5aa652bb90c7f111f86b427f798a1c9"
"CU000117","P01EMB0***","CV4","cubic","fiaeq2nveleq.for",254,617,"38548071d5aa652bb90c7f111f86b427f798a1c9"
"CU000118","P01EMB0***","CV6","cubic","fiaeq2nveleq.for",254,617,"38548071d5aa652bb90c7f111f86b427f798a1c9"
"CU000119","P01DEE0***","CV4","cubic","fiaeq2nveleq.for",254,617,"38548071d5aa652bb90c7f111f86b427f798a1c9"
"CU000120","P01DEE0***","CV6","cubic","fiaeq2nveleq.for",254,617,"38548071d5aa652bb90c7f111f86b427f798a1c9"
"CU000122","S99BRA****","CV4","cubic","fiaeq2nveleq.for",254,617,"38548071d5aa652bb90c7f111f86b427f798a1c9"
"CU000123","S99BRA****","CVT","cubic","fiaeq2nveleq.for",254,617,"38548071d5aa652bb90c7f111f86b427f798a1c9"
"CU000124","P02MAC1***","CV4","cubic","fiaeq2nveleq.for",254,617,"38548071d5aa652bb90c7f111f86b427f798a1c9"
"CU000125","P16MAC1***","CVTS","cubic","fiaeq2nveleq.for",254,617,"38548071d5aa652bb90c7f111f86b427f798a1c9"
"CU000126","P16MAC1***","CVT","cubic","fiaeq2nveleq.for",254,617,"38548071d5aa652bb90c7f111f86b427f798a1c9"
"CU000127","P16MAC1***","CV6","cubic","fiaeq2nveleq.for",254,617,"38548071d5aa652bb90c7f111f86b427f798a1c9"
"CU000128","P16MAC1***","CV8","cubic","fiaeq2nveleq.for",254,617,"38548071d5aa652bb90c7f111f86b427f798a1c9"
"CU000140","P03ISL****","CVTS","cubic","fiaeq2nveleq.for",254,617,"38548071d5aa652bb90c7f111f86b427f798a1c9"
"CU000141","P03ISL****","CVTS","cubic","fiaeq2nveleq.for",254,617,"38548071d5aa652bb90c7f111f86b427f798a1c9"
"CU000142","P03ISL****","CVTS","cubic","fiaeq2nveleq.for",254,617,"38548071d5aa652bb90c7f111f86b427f798a1c9"
"CU000143","P03ISL****","CV4","cubic","fiaeq2nveleq.for",254,617,"38548071d5aa652bb90c7f111f86b427f798a1c9"
"CU000144","P03ISL****","CV4","cubic","fiaeq2nveleq.for",254,617,"38548071d5aa652bb90c7f111f86b427f798a1c9"
"CU000145","P03ISL****","CV4","cubic","fiaeq2nveleq.for",254,617,"38548071d5aa652bb90c7f111f86b427f798a1c9"
"CU000146","P03FRU0000","CVTS","cubic","fiaeq2nveleq.for",254,617,"38548071d5aa652bb90c7f111f86b427f798a1c9"
"CU000147","P03FRU0000","CVTS","cubic","fiaeq2nveleq.for",254,617,"38548071d5aa652bb90c7f111f86b427f798a1c9"
"CU000148","P03FRU0000","CV4","cubic","fiaeq2nveleq.for",254,617,"38548071d5aa652bb90c7f111f86b427f798a1c9"
"CU000149","P03FRU0000","CV4","cubic","fiaeq2nveleq.for",254,617,"38548071d5aa652bb90c7f111f86b427f798a1c9"
"CU000150","P03CEN0000","CV4","cubic","fiaeq2nveleq.for",254,617,"38548071d5aa652bb90c7f111f86b427f798a1c9"
"CU000199","P16PIL0***","CV8","cubic","fiaeq2nveleq.for",254,617,"38548071d5aa652bb90c7f111f86b427f798a1c9"
"CU015001","301DVEW015","CVT","cubic","fiaeq2nveleq.for",254,617,"38548071d5aa652bb90c7f111f86b427f798a1c9"
"CU015002","301DVEW015","CV*","cubic","fiaeq2nveleq.for",254,617,"38548071d5aa652bb90c7f111f86b427f798a1c9"
"CU015003","302DVEW015","CVT","cubic","fiaeq2nveleq.for",254,617,"38548071d5aa652bb90c7f111f86b427f798a1c9"
"CU015004","302DVEW015","CV*","cubic","fiaeq2nveleq.for",254,617,"38548071d5aa652bb90c7f111f86b427f798a1c9"
"CU015005","P02MAC1015","CV4","cubic","fiaeq2nveleq.for",254,617,"38548071d5aa652bb90c7f111f86b427f798a1c9"
"CU015006","400MATW015","CVT","cubic","fiaeq2nveleq.for",254,617,"38548071d5aa652bb90c7f111f86b427f798a1c9"
"CU015007","401MATW015","CVT","cubic","fiaeq2nveleq.for",254,617,"38548071d5aa652bb90c7f111f86b427f798a1c9"
"CU015008","P16MAC0015","CVTS","cubic","fiaeq2nveleq.for",254,617,"38548071d5aa652bb90c7f111f86b427f798a1c9"
"CU015009","P16MAC0015","CVT","cubic","fiaeq2nveleq.for",254,617,"38548071d5aa652bb90c7f111f86b427f798a1c9"
"CU015010","P16MAC0015","CV4","cubic","fiaeq2nveleq.for",254,617,"38548071d5aa652bb90c7f111f86b427f798a1c9"
"CU015011","P16MAC0015","CV6","cubic","fiaeq2nveleq.for",254,617,"38548071d5aa652bb90c7f111f86b427f798a1c9"
"CU015012","P16MAC0015","CV8","cubic","fiaeq2nveleq.for",254,617,"38548071d5aa652bb90c7f111f86b427f798a1c9"
"CU019001","400MATW019","CVT","cubic","fiaeq2nveleq.for",254,617,"38548071d5aa652bb90c7f111f86b427f798a1c9"
"CU019002","405MATW019","CVT","cubic","fiaeq2nveleq.for",254,617,"38548071d5aa652bb90c7f111f86b427f798a1c9"
"CU020001","P02MAC1020","CV4","cubic","fiaeq2nveleq.for",254,617,"38548071d5aa652bb90c7f111f86b427f798a1c9"
"CU020002","400MATW020","CVT","cubic","fiaeq2nveleq.for",254,617,"38548071d5aa652bb90c7f111f86b427f798a1c9"
"CU020003","P16MAC0020","CVTS","cubic","fiaeq2nveleq.for",254,617,"38548071d5aa652bb90c7f111f86b427f798a1c9"
"CU020004","P16MAC0020","CVT","cubic","fiaeq2nveleq.for",254,617,"38548071d5aa652bb90c7f111f86b427f798a1c9"
"CU020005","P16MAC0020","CV4","cubic","fiaeq2nveleq.for",254,617,"38548071d5aa652bb90c7f111f86b427f798a1c9"
"CU020006","P16MAC0020","CV6","cubic","fiaeq2nveleq.for",254,617,"38548071d5aa652bb90c7f111f86b427f798a1c9"
"CU020007","P16MAC0020","CV8","cubic","fiaeq2nveleq.for",254,617,"38548071d5aa652bb90c7f111f86b427f798a1c9"
"CU042001","P01BDE0042","CV4","cubic","fiaeq2nveleq.for",254,617,"38548071d5aa652bb90c7f111f86b427f798a1c9"
"CU042002","P01BDE0042","CV6","cubic","fiaeq2nveleq.for",254,617,"38548071d5aa652bb90c7f111f86b427f798a1c9"
"CU060001","500DVEW060","CV4","cubic","fiaeq2nveleq.for",254,617,"38548071d5aa652bb90c7f111f86b427f798a1c9"
"CU064001","301DVEW060","CV1.5","cubic","fiaeq2nveleq.for",254,617,"38548071d5aa652bb90c7f111f86b427f798a1c9"
"CU064002","302DVEW060","CV1.5","cubic","fiaeq2nveleq.for",254,617,"38548071d5aa652bb90c7f111f86b427f798a1c9"
"CU064003","300DVEW060","CV1.5","cubic","fiaeq2nveleq.for",254,617,"38548071d5aa652bb90c7f111f86b427f798a1c9"
"CU064004","R03CHO0066","CV1.5","cubic","fiaeq2nveleq.for",254,617,"38548071d5aa652bb90c7f111f86b427f798a1c9"
"CU064005","R03CHO0066","CV3","cubic","fiaeq2nveleq.for",254,617,"38548071d5aa652bb90c7f111f86b427f798a1c9"
"CU064006","R03CHO0065","CV1.5","cubic","fiaeq2nveleq.for",254,617,"38548071d5aa652bb90c7f111f86b427f798a1c9"
"CU064007","R03CHO0065","CV3","cubic","fiaeq2nveleq.for",254,617,"38548071d5aa652bb90c7f111f86b427f798a1c9"
"CU064008","400DVEW064","CV1.5","cubic","fiaeq2nveleq.for",254,617,"38548071d5aa652bb90c7f111f86b427f798a1c9"
"CU064009","P16CHT0064","CVTS","cubic","fiaeq2nveleq.for",254,617,"38548071d5aa652bb90c7f111f86b427f798a1c9"
"CU064010","P16CHT0064","CV4","cubic","fiaeq2nveleq.for",254,617,"38548071d5aa652bb90c7f111f86b427f798a1c9"
"CU064011","P16CHT0064","CVT","cubic","fiaeq2nveleq.for",254,617,"38548071d5aa652bb90c7f111f86b427f798a1c9"
"CU064012","P16CHT0064","CV4","cubic","fiaeq2nveleq.for",254,617,"38548071d5aa652bb90c7f111f86b427f798a1c9"
"CU064013","P16CHT0064","CV6","cubic","fiaeq2nveleq.for",254,617,"38548071d5aa652bb90c7f111f86b427f798a1c9"
"CU064014","P16CHT0064","CV8","cubic","fiaeq2nveleq.for",254,617,"38548071d5aa652bb90c7f111f86b427f798a1c9"
"CU065001","200DVEW065","CV1.5","cubic","fiaeq2nveleq.for",254,617,"38548071d5aa652bb90c7f111f86b427f798a1c9"
"CU065002","400DVEW065","CV1.5","cubic","fiaeq2nveleq.for",254,617,"38548071d5aa652bb90c7f111f86b427f798a1c9"
"CU065003","402DVEW065","CV1.5","cubic","fiaeq2nveleq.for",254,617,"38548071d5aa652bb90c7f111f86b427f798a1c9"
"CU065004","403DVEW065","CV1.5","cubic","fiaeq2nveleq.for",254,617,"38548071d5aa652bb90c7f111f86b427f798a1c9"
"CU066001","200DVEW066","CV1.5","cubic","fiaeq2nveleq.for",254,617,"38548071d5aa652bb90c7f111f86b427f798a1c9"
"CU069001","200DVEW069","CV1.5","cubic","fiaeq2nveleq.for",254,617,"38548071d5aa652bb90c7f111f86b427f798a1c9"
"CU073001","400MATW073","CVT","cubic","fiaeq2nveleq.for",254,617,"38548071d5aa652bb90c7f111f86b427f798a1c9"
"CU081001","P02MAC1081","CV4","cubic","fiaeq2nveleq.for",254,617,"38548071d5aa652bb90c7f111f86b427f798a1c9"
"CU081002","400MATW081","CVT","cubic","fiaeq2nveleq.for",254,617,"38548071d5aa652bb90c7f111f86b427f798a1c9"
"CU081003","P16MAC0081","CVTS","cubic","fiaeq2nveleq.for",254,617,"38548071d5aa652bb90c7f111f86b427f798a1c9"
"CU081004","P16MAC0081","CVT","cubic","fiaeq2nveleq.for",254,617,"38548071d5aa652bb90c7f111f86b427f798a1c9"
"CU081005","P16MAC0081","CV4","cubic","fiaeq2nveleq.for",254,617,"38548071d5aa652bb90c7f111f86b427f798a1c9"
"CU081006","P16MAC0081","CV6","cubic","fiaeq2nveleq.for",254,617,"38548071d5aa652bb90c7f111f86b427f798a1c9"
"CU081007","P16MAC0081","CV8","cubic","fiaeq2nveleq.for",254,617,"38548071d5aa652bb90c7f111f86b427f798a1c9"
"CU093001","200DVEW093","CVT","cubic","fiaeq2nveleq.for",254,617,"38548071d5aa652bb90c7f111f86b427f798a1c9"
"CU093002","200DVEW093","CV4","cubic","fiaeq2nveleq.for",254,617,"38548071d5aa652bb90c7f111f86b427f798a1c9"
"CU093003","300DVEW093","CVT","cubic","fiaeq2nveleq.for",254,617,"38548071d5aa652bb90c7f111f86b427f798a1c9"
"CU093004","300DVEW093","CV*","cubic","fiaeq2nveleq.for",254,617,"38548071d5aa652bb90c7f111f86b427f798a1c9"
"CU093005","400MATW093","CVT","cubic","fiaeq2nveleq.for",254,617,"38548071d5aa652bb90c7f111f86b427f798a1c9"
"CU093006","407MATW093","CVT","cubic","fiaeq2nveleq.for",254,617,"38548071d5aa652bb90c7f111f86b427f798a1c9"
"CU093102","200DVEW093","CV6","cubic","fiaeq2nveleq.for",254,617,"38548071d5aa652bb90c7f111f86b427f798a1c9"
"CU094001","P01DIP0094","CV4","cubic","fiaeq2nveleq.for",254,617,"38548071d5aa652bb90c7f111f86b427f798a1c9"
"CU094004","A00DVEW094","CVT","cubic","fiaeq2nveleq.for",254,617,"38548071d5aa652bb90c7f111f86b427f798a1c9"
"CU094005","A00DVEW094","CV4","cubic","fiaeq2nveleq.for",254,617,"38548071d5aa652bb90c7f111f86b427f798a1c9"
"CU106001","200DVEW106","CV1.5","cubic","fiaeq2nveleq.for",254,617,"38548071d5aa652bb90c7f111f86b427f798a1c9"
"CU106002","301DVEW106","CV1.5","cubic","fiaeq2nveleq.for",254,617,"38548071d5aa652bb90c7f111f86b427f798a1c9"
"CU106003","302DVEW106","CV1.5","cubic","fiaeq2nveleq.for",254,617,"38548071d5aa652bb90c7f111f86b427f798a1c9"
"CU106004","300DVEW106","CV1.5","cubic","fiaeq2nveleq.for",254,617,"38548071d5aa652bb90c7f111f86b427f798a1c9"
"CU106005","R03CHO0106","CV1.5","cubic","fiaeq2nveleq.for",254,617,"38548071d5aa652bb90c7f111f86b427f798a1c9"
"CU106006","R03CHO0106","CV3","cubic","fiaeq2nveleq.for",254,617,"38548071d5aa652bb90c7f111f86b427f798a1c9"
"CU108001","200DVEW108","CVT","cubic","fiaeq2nveleq.for",254,617,"38548071d5aa652bb90c7f111f86b427f798a1c9"
"CU108002","200DVEW108","CV4","cubic","fiaeq2nveleq.for",254,617,"38548071d5aa652bb90c7f111f86b427f798a1c9"
"CU108003","P02MAC1108","CV4","cubic","fiaeq2nveleq.for",254,617,"38548071d5aa652bb90c7f111f86b427f798a1c9"
"CU108005","400MATW108","CVT","cubic","fiaeq2nveleq.for",254,617,"38548071d5aa652bb90c7f111f86b427f798a1c9"
"CU108006","401MATW108","CVT","cubic","fiaeq2nveleq.for",254,617,"38548071d5aa652bb90c7f111f86b427f798a1c9"
"CU108007","P16MAC0108","CVTS","cubic","fiaeq2nveleq.for",254,617,"38548071d5aa652bb90c7f111f86b427f798a1c9"
"CU108008","P16MAC0108","CVT","cubic","fiaeq2nveleq.for",254,617,"38548071d5aa652bb90c7f111f86b427f798a1c9"
"CU108009","P16MAC0108","CV4","cubic","fiaeq2nveleq.for",254,617,"38548071d5aa652bb90c7f111f86b427f798a1c9"
"CU108010","P16MAC0108","CV6","cubic","fiaeq2nveleq.for",254,617,"38548071d5aa652bb90c7f111f86b427f798a1c9"
"CU108011","P16MAC0108","CV8","cubic","fiaeq2nveleq.for",254,617,"38548071d5aa652bb90c7f111f86b427f798a1c9"
"CU108102","200DVEW108","CV6","cubic","fiaeq2nveleq.for",254,617,"38548071d5aa652bb90c7f111f86b427f798a1c9"
"CU113001","300DVEW113","CVT","cubic","fiaeq2nveleq.for",254,617,"38548071d5aa652bb90c7f111f86b427f798a1c9"
"CU113002","300DVEW113","CV*","cubic","fiaeq2nveleq.for",254,617,"38548071d5aa652bb90c7f111f86b427f798a1c9"
"CU117001","P02MAC1117","CV4","cubic","fiaeq2nveleq.for",254,617,"38548071d5aa652bb90c7f111f86b427f798a1c9"
"CU117002","400MATW117","CVT","cubic","fiaeq2nveleq.for",254,617,"38548071d5aa652bb90c7f111f86b427f798a1c9"
"CU117003","P16MAC0117","CVTS","cubic","fiaeq2nveleq.for",254,617,"38548071d5aa652bb90c7f111f86b427f798a1c9"
"CU117004","P16MAC0117","CVT","cubic","fiaeq2nveleq.for",254,617,"38548071d5aa652bb90c7f111f86b427f798a1c9"
"CU117005","P16MAC0117","CV4","cubic","fiaeq2nveleq.for",254,617,"38548071d5aa652bb90c7f111f86b427f798a1c9"
"CU117006","P16MAC0117","CV6","cubic","fiaeq2nveleq.for",254,617,"38548071d5aa652bb90c7f111f86b427f798a1c9"
"CU117007","P16MAC0117","CV8","cubic","fiaeq2nveleq.for",254,617,"38548071d5aa652bb90c7f111f86b427f798a1c9"
"CU119003","P16MAC0119","CVTS","cubic","fiaeq2nveleq.for",254,617,"38548071d5aa652bb90c7f111f86b427f798a1c9"
"CU119004","P16MAC0119","CVT","cubic","fiaeq2nveleq.for",254,617,"38548071d5aa652bb90c7f111f86b427f798a1c9"
"CU119005","P16MAC0119","CV4","cubic","fiaeq2nveleq.for",254,617,"38548071d5aa652bb90c7f111f86b427f798a1c9"
"CU119006","P16MAC0119","CV6","cubic","fiaeq2nveleq.for",254,617,"38548071d5aa652bb90c7f111f86b427f798a1c9"
"CU119007","P16MAC0119","CV8","cubic","fiaeq2nveleq.for",254,617,"38548071d5aa652bb90c7f111f86b427f798a1c9"
"CU121001","S00FAR0121","CVT","cubic","fiaeq2nveleq.for",254,617,"38548071d5aa652bb90c7f111f86b427f798a1c9"
"CU121002","S00FAR0121","CV1","cubic","fiaeq2nveleq.for",254,617,"38548071d5aa652bb90c7f111f86b427f798a1c9"
"CU121003","S00FAR0121","CV2","cubic","fiaeq2nveleq.for",254,617,"38548071d5aa652bb90c7f111f86b427f798a1c9"
"CU121004","S00FAR0121","CV3","cubic","fiaeq2nveleq.for",254,617,"38548071d5aa652bb90c7f111f86b427f798a1c9"
"CU121005","S00FAR0121","CV4","cubic","fiaeq2nveleq.for",254,617,"38548071d5aa652bb90c7f111f86b427f798a1c9"
"CU121006","S00FAR0121","CV5","cubic","fiaeq2nveleq.for",254,617,"38548071d5aa652bb90c7f111f86b427f798a1c9"
"CU121007","S00FAR0121","CV6","cubic","fiaeq2nveleq.for",254,617,"38548071d5aa652bb90c7f111f86b427f798a1c9"
"CU121008","S00FAR0121","CV7","cubic","fiaeq2nveleq.for",254,617,"38548071d5aa652bb90c7f111f86b427f798a1c9"
"CU121009","S00FAR0121","CV8","cubic","fiaeq2nveleq.for",254,617,"38548071d5aa652bb90c7f111f86b427f798a1c9"
"CU121010","S00FAR0121","CV9","cubic","fiaeq2nveleq.for",254,617,"38548071d5aa652bb90c7f111f86b427f798a1c9"
"CU121011","S00FAR0121","CV10","cubic","fiaeq2nveleq.for",254,617,"38548071d5aa652bb90c7f111f86b427f798a1c9"
"CU121012","S00FAR0121","CV11","cubic","fiaeq2nveleq.for",254,617,"38548071d5aa652bb90c7f111f86b427f798a1c9"
"CU121013","S00FAR0121","CV12","cubic","fiaeq2nveleq.for",254,617,"38548071d5aa652bb90c7f111f86b427f798a1c9"
"CU122001","200DVEW122","CVT","cubic","fiaeq2nveleq.for",254,617,"38548071d5aa652bb90c7f111f86b427f798a1c9"
"CU122002","200DVEW122","CV4","cubic","fiaeq2nveleq.for",254,617,"38548071d5aa652bb90c7f111f86b427f798a1c9"
"CU122003","212DVEW122","CVT","cubic","fiaeq2nveleq.for",254,617,"38548071d5aa652bb90c7f111f86b427f798a1c9"
"CU122004","212DVEW122","CV4","cubic","fiaeq2nveleq.for",254,617,"38548071d5aa652bb90c7f111f86b427f798a1c9"
"CU122005","203DVEW122","CVT","cubic","fiaeq2nveleq.for",254,617,"38548071d5aa652bb90c7f111f86b427f798a1c9"
"CU122006","300DVEW122","CV6","cubic","fiaeq2nveleq.for",254,617,"38548071d5aa652bb90c7f111f86b427f798a1c9"
"CU122007","301DVEW122","CVT","cubic","fiaeq2nveleq.for",254,617,"38548071d5aa652bb90c7f111f86b427f798a1c9"
"CU122008","301DVEW122","CV*","cubic","fiaeq2nveleq.for",254,617,"38548071d5aa652bb90c7f111f86b427f798a1c9"
"CU122009","302DVEW122","CVT","cubic","fiaeq2nveleq.for",254,617,"38548071d5aa652bb90c7f111f86b427f798a1c9"
"CU122010","302DVEW122","CV*","cubic","fiaeq2nveleq.for",254,617,"38548071d5aa652bb90c7f111f86b427f798a1c9"
"CU122011","P02MAC1122","CV4","cubic","fiaeq2nveleq.for",254,617,"38548071d5aa652bb90c7f111f86b427f798a1c9"
"CU122012","400MATW122","CVT","cubic","fiaeq2nveleq.for",254,617,"38548071d5aa652bb90c7f111f86b427f798a1c9"
"CU122013","401MATW122","CVT","cubic","fiaeq2nveleq.for",254,617,"38548071d5aa652bb90c7f111f86b427f798a1c9"
"CU122014","402MATW122","CVT","cubic","fiaeq2nveleq.for",254,617,"38548071d5aa652bb90c7f111f86b427f798a1c9"
"CU122015","403MATW122","CVT","cubic","fiaeq2nveleq.for",254,617,"38548071d5aa652bb90c7f111f86b427f798a1c9"
"CU122016","R00MCT0122","CVT","cubic","fiaeq2nveleq.for",254,617,"38548071d5aa652bb90c7f111f86b427f798a1c9"
"CU122017","R00MCT1122","CVT","cubic","fiaeq2nveleq.for",254,617,"38548071d5aa652bb90c7f111f86b427f798a1c9"
"CU122018","R00MYE0122","CVT","cubic","fiaeq2nveleq.for",254,617,"38548071d5aa652bb90c7f111f86b427f798a1c9"
"CU122019","R00MYE1122","CVT","cubic","fiaeq2nveleq.for",254,617,"38548071d5aa652bb90c7f111f86b427f798a1c9"
"CU122020","R00MYE0122","CV4","cubic","fiaeq2nveleq.for",254,617,"38548071d5aa652bb90c7f111f86b427f798a1c9"
"CU122021","R00MYE1122","CV4","cubic","fiaeq2nveleq.for",254,617,"38548071d5aa652bb90c7f111f86b427f798a1c9"
"CU122022","R00MYE0122","CV6","cubic","fiaeq2nveleq.for",254,617,"38548071d5aa652bb90c7f111f86b427f798a1c9"
"CU122023","R00MYE1122","CV6","cubic","fiaeq2nveleq.for",254,617,"38548071d5aa652bb90c7f111f86b427f798a1c9"
"CU122024","P16MAC0122","CVTS","cubic","fiaeq2nveleq.for",254,617,"38548071d5aa652bb90c7f111f86b427f798a1c9"
"CU122025","P16MAC0122","CVT","cubic","fiaeq2nveleq.for",254,617,"38548071d5aa652bb90c7f111f86b427f798a1c9"
"CU122026","P16MAC0122","CV4","cubic","fiaeq2nveleq.for",254,617,"38548071d5aa652bb90c7f111f86b427f798a1c9"
"CU122027","P16MAC0122","CV6","cubic","fiaeq2nveleq.for",254,617,"38548071d5aa652bb90c7f111f86b427f798a1c9"
"CU122028","P16MAC0122","CV8","cubic","fiaeq2nveleq.for",254,617,"38548071d5aa652bb90c7f111f86b427f798a1c9"
"CU122102","200DVEW122","CV6","cubic","fiaeq2nveleq.for",254,617,"38548071d5aa652bb90c7f111f86b427f798a1c9"
"CU122104","212DVEW122","CV6","cubic","fiaeq2nveleq.for",254,617,"38548071d5aa652bb90c7f111f86b427f798a1c9"
"CU131001","S01BUR1131","CVT","cubic","fiaeq2nveleq.for",254,617,"38548071d5aa652bb90c7f111f86b427f798a1c9"
"CU131002","S01BUR0131","CVT","cubic","fiaeq2nveleq.for",254,617,"38548071d5aa652bb90c7f111f86b427f798a1c9"
"CU131003","S00BUR1131","CVT","cubic","fiaeq2nveleq.for",254,617,"38548071d5aa652bb90c7f111f86b427f798a1c9"
"CU131004","S00BUR0131","CVT","cubic","fiaeq2nveleq.for",254,617,"38548071d5aa652bb90c7f111f86b427f798a1c9"
"CU133001","400DVEW133","CV1.5","cubic","fiaeq2nveleq.for",254,617,"38548071d5aa652bb90c7f111f86b427f798a1c9"
"CU202001","301DVEW202","CVT","cubic","fiaeq2nveleq.for",254,617,"38548071d5aa652bb90c7f111f86b427f798a1c9"
"CU202002","301DVEW202","CV*","cubic","fiaeq2nveleq.for",254,617,"38548071d5aa652bb90c7f111f86b427f798a1c9"
"CU202003","302DVEW202","CVT","cubic","fiaeq2nveleq.for",254,617,"38548071d5aa652bb90c7f111f86b427f798a1c9"
"CU202004","302DVEW202","CV*","cubic","fiaeq2nveleq.for",254,617,"38548071d5aa652bb90c7f111f86b427f798a1c9"
"CU202005","R01KEM0202","CV4","cubic","fiaeq2nveleq.for",254,617,"38548071d5aa652bb90c7f111f86b427f798a1c9"
"CU202006","P02KRU2202","CVT","cubic","fiaeq2nveleq.for",254,617,"38548071d5aa652bb90c7f111f86b427f798a1c9"
"CU202007","P02MAC1202","CV4","cubic","fiaeq2nveleq.for",254,617,"38548071d5aa652bb90c7f111f86b427f798a1c9"
"CU202008","A01BRUW202","CVTS","cubic","fiaeq2nveleq.for",254,617,"38548071d5aa652bb90c7f111f86b427f798a1c9"
"CU202009","A01BRUW202","CVTS","cubic","fiaeq2nveleq.for",254,617,"38548071d5aa652bb90c7f111f86b427f798a1c9"
"CU202010","400MATW202","CVT","cubic","fiaeq2nveleq.for",254,617,"38548071d5aa652bb90c7f111f86b427f798a1c9"
"CU202011","401MATW202","CVT","cubic","fiaeq2nveleq.for",254,617,"38548071d5aa652bb90c7f111f86b427f798a1c9"
"CU202012","405MATW202","CVT","cubic","fiaeq2nveleq.for",254,617,"38548071d5aa652bb90c7f111f86b427f798a1c9"
"CU202013","P16MAC0202","CVTS","cubic","fiaeq2nveleq.for",254,617,"38548071d5aa652bb90c7f111f86b427f798a1c9"
"CU202014","P16MAC0202","CVT","cubic","fiaeq2nveleq.for",254,617,"38548071d5aa652bb90c7f111f86b427f798a1c9"
"CU202015","P16MAC0202","CV4","cubic","fiaeq2nveleq.for",254,617,"38548071d5aa652bb90c7f111f86b427f798a1c9"
"CU202016","P16MAC0202","CV6","cubic","fiaeq2nveleq.for",254,617,"38548071d5aa652bb90c7f111f86b427f798a1c9"
"CU202017","P16MAC0202","CV8","cubic","fiaeq2nveleq.for",254,617,"38548071d5aa652bb90c7f111f86b427f798a1c9"
"CU202018","P16KIN0202","CVTS","cubic","fiaeq2nveleq.for",254,617,"38548071d5aa652bb90c7f111f86b427f798a1c9"
"CU202019","P16KIN0202","CVT","cubic","fiaeq2nveleq.for",254,617,"38548071d5aa652bb90c7f111f86b427f798a1c9"
"CU202020","P16KIN0202","CV4","cubic","fiaeq2nveleq.for",254,617,"38548071d5aa652bb90c7f111f86b427f798a1c9"
"CU202021","P16KIN0202","CV6","cubic","fiaeq2nveleq.for",254,617,"38548071d5aa652bb90c7f111f86b427f798a1c9"
"CU202022","P16KIN0202","CV8","cubic","fiaeq2nveleq.for",254,617,"38548071d5aa652bb90c7f111f86b427f798a1c9"
"CU211001","P02KRU2211","CVT","cubic","fiaeq2nveleq.for",254,617,"38548071d5aa652bb90c7f111f86b427f798a1c9"
"CU212001","500DVEW212","CV4","cubic","fiaeq2nveleq.for",254,617,"38548071d5aa652bb90c7f111f86b427f798a1c9"
"CU212002","500DVEW212","CV4","cubic","fiaeq2nveleq.for",254,617,"38548071d5aa652bb90c7f111f86b427f798a1c9"
"CU242001","P01BDE0242","CV4","cubic","fiaeq2nveleq.for",254,617,"38548071d5aa652bb90c7f111f86b427f798a1c9"
"CU242002","P01BDE0242","CV6","cubic","fiaeq2nveleq.for",254,617,"38548071d5aa652bb90c7f111f86b427f798a1c9"
"CU263001","P02KRU2263","CVT","cubic","fiaeq2nveleq.for",254,617,"38548071d5aa652bb90c7f111f86b427f798a1c9"
"CU263002","P16CHA0263","CVTS","cubic","fiaeq2nveleq.for",254,617,"38548071d5aa652bb90c7f111f86b427f798a1c9"
"CU263003","P16CHA0263","CVT","cubic","fiaeq2nveleq.for",254,617,"38548071d5aa652bb90c7f111f86b427f798a1c9"
"CU263004","P16CHA0263","CV4","cubic","fiaeq2nveleq.for",254,617,"38548071d5aa652bb90c7f111f86b427f798a1c9"
"CU263005","P16CHA0263","CV6","cubic","fiaeq2nveleq.for",254,617,"38548071d5aa652bb90c7f111f86b427f798a1c9"
"CU263006","P16CHA0263","CV8","cubic","fiaeq2nveleq.for",254,617,"38548071d5aa652bb90c7f111f86b427f798a1c9"
"CU264001","P16BEL0264","CVTS","cubic","fiaeq2nveleq.for",254,617,"38548071d5aa652bb90c7f111f86b427f798a1c9"
"CU264002","P16BEL0264","CVT","cubic","fiaeq2nveleq.for",254,617,"38548071d5aa652bb90c7f111f86b427f798a1c9"
"CU264003","P16BEL0264","CV4","cubic","fiaeq2nveleq.for",254,617,"38548071d5aa652bb90c7f111f86b427f798a1c9"
"CU264004","P16BEL0264","CV6","cubic","fiaeq2nveleq.for",254,617,"38548071d5aa652bb90c7f111f86b427f798a1c9"
"CU264005","P16BEL0264","CV8","cubic","fiaeq2nveleq.for",254,617,"38548071d5aa652bb90c7f111f86b427f798a1c9"
"CU300001","200DVEW998","CV1.5","cubic","fiaeq2nveleq.for",254,617,"38548071d5aa652bb90c7f111f86b427f798a1c9"
"CU351001","500DVEW351","CV*","cubic","fiaeq2nveleq.for",254,617,"38548071d5aa652bb90c7f111f86b427f798a1c9"
"CU351002","P16CUR0351","CVTS","cubic","fiaeq2nveleq.for",254,617,"38548071d5aa652bb90c7f111f86b427f798a1c9"
"CU351003","P16CUR0351","CVT","cubic","fiaeq2nveleq.for",254,617,"38548071d5aa652bb90c7f111f86b427f798a1c9"
"CU351004","P16CUR0351","CV4","cubic","fiaeq2nveleq.for",254,617,"38548071d5aa652bb90c7f111f86b427f798a1c9"
"CU351005","P16CUR0351","CV6","cubic","fiaeq2nveleq.for",254,617,"38548071d5aa652bb90c7f111f86b427f798a1c9"
"CU351006","P16CUR0351","CV8","cubic","fiaeq2nveleq.for",254,617,"38548071d5aa652bb90c7f111f86b427f798a1c9"
"CU475001","200DVEW475","CV1.5","cubic","fiaeq2nveleq.for",254,617,"38548071d5aa652bb90c7f111f86b427f798a1c9"
"CU475002","300DVEW314","CV1.5","cubic","fiaeq2nveleq.for",254,617,"38548071d5aa652bb90c7f111f86b427f798a1c9"
"CU740001","R01KEM0740","CV4","cubic","fiaeq2nveleq.for",254,617,"38548071d5aa652bb90c7f111f86b427f798a1c9"
"CU741001","P01DIP0741","CV4","cubic","fiaeq2nveleq.for",254,617,"38548071d5aa652bb90c7f111f86b427f798a1c9"
"CU746001","200DVEW746","CVT","cubic","fiaeq2nveleq.for",254,617,"38548071d5aa652bb90c7f111f86b427f798a1c9"
"CU746002","200DVEW746","CV4","cubic","fiaeq2nveleq.for",254,617,"38548071d5aa652bb90c7f111f86b427f798a1c9"
"CU746003","300DVEW746","CVT","cubic","fiaeq2nveleq.for",254,617,"38548071d5aa652bb90c7f111f86b427f798a1c9"
"CU746004","300DVEW746","CV*","cubic","fiaeq2nveleq.for",254,617,"38548071d5aa652bb90c7f111f86b427f798a1c9"
"CU746006","201DVEW746","CV4","cubic","fiaeq2nveleq.for",254,617,"38548071d5aa652bb90c7f111f86b427f798a1c9"
"CU746007","N00SCH0746","CVT","cubic","fiaeq2nveleq.for",254,617,"38548071d5aa652bb90c7f111f86b427f798a1c9"
"CU746008","N00SCH1746","CVT","cubic","fiaeq2nveleq.for",254,617,"38548071d5aa652bb90c7f111f86b427f798a1c9"
"CU746009","N00SCH1746","TOTTREE","cubic","fiaeq2nveleq.for",254,617,"38548071d5aa652bb90c7f111f86b427f798a1c9"
"CU746010","400MATW746","CVT","cubic","fiaeq2nveleq.for",254,617,"38548071d5aa652bb90c7f111f86b427f798a1c9"
"CU746102","200DVEW746","CV6","cubic","fiaeq2nveleq.for",254,617,"38548071d5aa652bb90c7f111f86b427f798a1c9"
"CU755001","300DVEW999","CV1.5","cubic","fiaeq2nveleq.for",254,617,"38548071d5aa652bb90c7f111f86b427f798a1c9"
"CU800001","301DVEW800","CV1.5","cubic","fiaeq2nveleq.for",254,617,"38548071d5aa652bb90c7f111f86b427f798a1c9"
"CU800002","300DVEW800","CV1.5","cubic","fiaeq2nveleq.for",254,617,"38548071d5aa652bb90c7f111f86b427f798a1c9"
"CU800003","N00HIL0800","CVT","cubic","fiaeq2nveleq.for",254,617,"38548071d5aa652bb90c7f111f86b427f798a1c9"
"CU806001","S00CLK1806","CVT","cubic","fiaeq2nveleq.for",254,617,"38548071d5aa652bb90c7f111f86b427f798a1c9"
"CU806002","S00CLK0806","CVT","cubic","fiaeq2nveleq.for",254,617,"38548071d5aa652bb90c7f111f86b427f798a1c9"
"CU806003","S00CLK1806","CV8","cubic","fiaeq2nveleq.for",254,617,"38548071d5aa652bb90c7f111f86b427f798a1c9"
"CU806004","S00CLK0806","CV8","cubic","fiaeq2nveleq.for",254,617,"38548071d5aa652bb90c7f111f86b427f798a1c9"
"CU806005","S00CLK1806","CV4","cubic","fiaeq2nveleq.for",254,617,"38548071d5aa652bb90c7f111f86b427f798a1c9"
"CU806006","S00CLK0806","CV4","cubic","fiaeq2nveleq.for",254,617,"38548071d5aa652bb90c7f111f86b427f798a1c9"
"CU806007","S00CLK1806","CROWN","cubic","fiaeq2nveleq.for",254,617,"38548071d5aa652bb90c7f111f86b427f798a1c9"
"CU806008","S00CLK0806","CROWN","cubic","fiaeq2nveleq.for",254,617,"38548071d5aa652bb90c7f111f86b427f798a1c9"
"CU814001","200DVEW814","CV1.5","cubic","fiaeq2nveleq.for",254,617,"38548071d5aa652bb90c7f111f86b427f798a1c9"
"CU823001","200DVEW823","CV1.5","cubic","fiaeq2nveleq.for",254,617,"38548071d5aa652bb90c7f111f86b427f798a1c9"
"CU831001","S00SCH0831","CVT","cubic","fiaeq2nveleq.for",254,617,"38548071d5aa652bb90c7f111f86b427f798a1c9"
"CU831002","S00SCH1831","CVT","cubic","fiaeq2nveleq.for",254,617,"38548071d5aa652bb90c7f111f86b427f798a1c9"
"CU831003","S00SCH1831","TOTTREE","cubic","fiaeq2nveleq.for",254,617,"38548071d5aa652bb90c7f111f86b427f798a1c9"
"CU833001","S00CLK1833","CVT","cubic","fiaeq2nveleq.for",254,617,"38548071d5aa652bb90c7f111f86b427f798a1c9"
"CU833002","S00CLK0833","CVT","cubic","fiaeq2nveleq.for",254,617,"38548071d5aa652bb90c7f111f86b427f798a1c9"
"CU833003","S00CLK1833","CV8","cubic","fiaeq2nveleq.for",254,617,"38548071d5aa652bb90c7f111f86b427f798a1c9"
"CU833004","S00CLK0833","CV8","cubic","fiaeq2nveleq.for",254,617,"38548071d5aa652bb90c7f111f86b427f798a1c9"
"CU833005","S00CLK1833","CV4","cubic","fiaeq2nveleq.for",254,617,"38548071d5aa652bb90c7f111f86b427f798a1c9"
"CU833006","S00CLK0833","CV4","cubic","fiaeq2nveleq.for",254,617,"38548071d5aa652bb90c7f111f86b427f798a1c9"
"CU833007","S00CLK1833","CROWN","cubic","fiaeq2nveleq.for",254,617,"38548071d5aa652bb90c7f111f86b427f798a1c9"
"CU833008","S00CLK0833","CROWN","cubic","fiaeq2nveleq.for",254,617,"38548071d5aa652bb90c7f111f86b427f798a1c9"
"CU998001","P16MAC0998","CVTS","cubic","fiaeq2nveleq.for",254,617,"38548071d5aa652bb90c7f111f86b427f798a1c9"
"CU998002","P16MAC0998","CVT","cubic","fiaeq2nveleq.for",254,617,"38548071d5aa652bb90c7f111f86b427f798a1c9"
"CU998003","P16MAC0998","CV4","cubic","fiaeq2nveleq.for",254,617,"38548071d5aa652bb90c7f111f86b427f798a1c9"
"CU998004","P16MAC0998","CV6","cubic","fiaeq2nveleq.for",254,617,"38548071d5aa652bb90c7f111f86b427f798a1c9"
"CU998005","P16MAC0998","CV8","cubic","fiaeq2nveleq.for",254,617,"38548071d5aa652bb90c7f111f86b427f798a1c9"
