"family","output","precision","compat","rows_compared","rows_within_tolerance","max_relative_difference","tolerance","exclusions"
"behre_taper","DIB","double","port",1780,1780,2.91016253241055e-16,2e-12,"none"
"behre_taper","DIB","single","port",1780,1780,1.74115995275221e-07,3e-04,"none"
"behre_taper","height at DIB","double","nvel",1323,1323,0,4e-05,"at_or_below_contract_stump 214"
"behre_taper","height at DIB","single","nvel",1323,1323,4.82866067038668e-08,0.002,"at_or_below_contract_stump 214"
"behre_taper","stump cubic volume","double","port",0,0,,1e-12,"library_nonzero_errflag 205"
"behre_taper","stump cubic volume","single","port",0,0,,0.002,"library_nonzero_errflag 205"
"behre_taper","tip cubic volume","double","port",0,0,,1e-12,"library_nonzero_errflag 205"
"behre_taper","tip cubic volume","single","port",0,0,,0.002,"library_nonzero_errflag 205"
"behre_taper","total cubic volume","double","port",0,0,,1e-12,"library_nonzero_errflag 205"
"behre_taper","total cubic volume","single","port",0,0,,0.002,"library_nonzero_errflag 205"
"blm_taper","DIB","double","port",30106,30106,3.5258989178625e-16,2e-12,"none"
"blm_taper","DIB","single","port",30106,30106,2.01304659383392e-07,3e-04,"none"
"blm_taper","height at DIB","double","nvel",22683,22683,0,4e-05,"at_or_below_contract_stump 3441"
"blm_taper","height at DIB","single","nvel",22683,22683,4.82866067038668e-08,0.002,"at_or_below_contract_stump 3441"
"blm_taper","stump cubic volume","double","port",0,0,,1e-12,"library_nonzero_errflag 3431"
"blm_taper","stump cubic volume","single","port",0,0,,0.002,"library_nonzero_errflag 3431"
"blm_taper","tip cubic volume","double","port",0,0,,1e-12,"library_nonzero_errflag 3431"
"blm_taper","tip cubic volume","single","port",0,0,,0.002,"library_nonzero_errflag 3431"
"blm_taper","total cubic volume","double","port",0,0,,1e-12,"library_nonzero_errflag 3431"
"blm_taper","total cubic volume","single","port",0,0,,0.002,"library_nonzero_errflag 3431"
"clark_r8","DIB","double","port",1478303,1478303,1.10811848953829e-14,2e-04,"nonzero_errflag 501364, nonfinite_oracle  25058"
"clark_r8","DIB","single","port",1478303,1478303,9.0763410493604e-05,3e-04,"nonzero_errflag 501364, nonfinite_oracle  25058"
"clark_r8","height at DIB","double","nvel",4,4,0,4e-05,"outside_834CLKE110_overlap 1739061"
"clark_r8","height at DIB","single","nvel",4,4,1.50467604549073e-06,0.002,"outside_834CLKE110_overlap 1739061"
"clark_r8","height at DIB","double","port",1163439,1163439,2.19548938542147e-15,4e-05,"nonzero_errflag 434899, nonfinite_oracle  53831, below_contract_stump  86892, overlapping_roots      4"
"clark_r8","height at DIB","single","port",1163439,1163439,0.000134081101171434,0.002,"nonzero_errflag 434899, nonfinite_oracle  53831, below_contract_stump  86892, overlapping_roots      4"
"clark_r8","stump cubic volume","double","port",600721,600721,7.97995156642024e-16,1e-12,"library_nonzero_errflag 217268, library_or_port_stump_unavailable  28259, output_derived_driver_difference  23408"
"clark_r8","stump cubic volume","single","port",600738,600738,0.00183666677527972,0.002,"library_nonzero_errflag 217268, library_or_port_stump_unavailable  28259, output_derived_driver_difference  23391"
"clark_r8","tip cubic volume","double","port",0,0,,1e-12,"library_nonzero_errflag 217268, segmentation_not_available 652388"
"clark_r8","tip cubic volume","single","port",0,0,,0.002,"library_nonzero_errflag 217268, segmentation_not_available 652388"
"clark_r8","total cubic volume","double","port",652388,652388,0,1e-12,"library_nonzero_errflag 217268"
"clark_r8","total cubic volume","single","port",652388,652388,0,0.002,"library_nonzero_errflag 217268"
"clark_r9","DIB","double","port",621260,621260,4.03458586065894e-16,2e-04,"none"
"clark_r9","DIB","single","port",621249,621249,0.000274763473774304,3e-04,"single_diameter_floor 11"
"clark_r9","height at DIB","double","port",539010,539010,2.72469606873084e-15,4e-05,"below_contract_stump 17"
"clark_r9","height at DIB","single","port",539010,539010,7.60549494733159e-05,0.002,"below_contract_stump 17"
"clark_r9","R9LOGS error 12","double","nvel",7262,7262,0,0,"outside_error_12 262156"
"clark_r9","R9LOGS error 12","single","nvel",7262,7262,0,0,"outside_error_12 262156"
"clark_r9","stump cubic volume","double","port",262156,262156,2.1094237467878e-15,1e-12,"library_error_12_with_available_total 7262"
"clark_r9","stump cubic volume","single","port",261766,261766,0.000539612664102617,0.002,"library_error_12_with_available_total 7262, single_precision_r9cuft_cancellation  390"
"clark_r9","tip cubic volume","double","port",0,0,,1e-12,"library_error_12_with_available_total   7262, segmentation_not_available 262156"
"clark_r9","tip cubic volume","single","port",0,0,,0.002,"library_error_12_with_available_total   7262, segmentation_not_available 262156"
"clark_r9","total cubic volume","double","port",262156,262156,0,1e-12,"library_error_12_with_available_total 7262"
"clark_r9","total cubic volume","single","port",262133,262133,0.0014814814814814,0.002,"library_error_12_with_available_total 7262, single_rounding_boundary   23"
"FIAEQ2NVELEQ","short geographic substitution","double","nvel",5,5,0,0,"none"
"flewelling_2pt","DIB","double","port",128415,128415,1.94810540176691e-13,2e-04,"nonzero_errflag 7968"
"flewelling_2pt","DIB","single","port",128415,128415,0.000200209951515858,3e-04,"nonzero_errflag 7968"
"flewelling_2pt","DOB","double","port",128415,128415,0.000149692676325969,2e-04,"nonzero_errflag 7968"
"flewelling_2pt","DOB","single","port",128415,128415,0.000184502344385025,3e-04,"nonzero_errflag 7968"
"flewelling_2pt","height at DIB","double","nvel",11525,11525,1.00405165547787e-08,4e-05,"outside_compatibility_ruling 106776"
"flewelling_2pt","height at DIB","single","nvel",11520,11520,0.00187586095494733,0.002,"outside_compatibility_ruling 106776, single_precision_boundary      5"
"flewelling_2pt","height at DIB","double","port",99822,99822,2.18164875574086e-05,4e-05,"nonzero_errflag  6915, sf_hs_bark_height 11525, at_or_below_contract_stump    39"
"flewelling_2pt","height at DIB","single","port",99822,99822,0.00126155476677238,0.002,"nonzero_errflag  6915, sf_hs_bark_height 11525, at_or_below_contract_stump    39"
"flewelling_2pt","stump cubic volume","double","port",14416,14416,2.58952938174158e-15,1e-12,"library_nonzero_errflag 917, fwsmall_uninitialized_state 173"
"flewelling_2pt","stump cubic volume","single","port",14416,14416,3.58451719415192e-05,0.002,"library_nonzero_errflag 917, fwsmall_uninitialized_state 173"
"flewelling_2pt","tip cubic volume","double","port",0,0,,1e-12,"library_nonzero_errflag   917, segmentation_not_available 14589"
"flewelling_2pt","tip cubic volume","single","port",0,0,,0.002,"library_nonzero_errflag   917, segmentation_not_available 14589"
"flewelling_2pt","total cubic volume","double","port",14416,14416,2.21698201485211e-16,1e-12,"library_nonzero_errflag 917, fwsmall_uninitialized_state 173"
"flewelling_2pt","total cubic volume","single","port",14416,14416,0.000354757013581233,0.002,"library_nonzero_errflag 917, fwsmall_uninitialized_state 173"
"flewelling_3pt","DIB","double","port",37616,37616,2.07796185822275e-16,2e-04,"upper_at_or_above_total 2300"
"flewelling_3pt","DIB","single","port",37616,37616,0.000106123066687158,3e-04,"upper_at_or_above_total 2300"
"flewelling_3pt","DOB","double","port",37616,37616,0,2e-04,"upper_at_or_above_total 2300"
"flewelling_3pt","DOB","single","port",37616,37616,0,3e-04,"upper_at_or_above_total 2300"
"flewelling_3pt","height at DIB","double","nvel",23082,23082,3.72516499144962e-12,4e-05,"outside_compatibility_ruling 11523"
"flewelling_3pt","height at DIB","single","nvel",23074,23074,0.00175449115079611,0.002,"outside_compatibility_ruling 11523, single_precision_boundary     8"
"flewelling_3pt","height at DIB","double","port",6930,6930,7.91969289785407e-06,4e-05,"upper_at_or_above_total  4593, sf_hs_conditioned_root 23082"
"flewelling_3pt","height at DIB","single","port",6930,6930,0.00126155476677238,0.002,"upper_at_or_above_total  4593, sf_hs_conditioned_root 23082"
"flewelling_3pt","stump cubic volume","double","port",3964,3964,1.04083408558608e-17,1e-12,"none"
"flewelling_3pt","stump cubic volume","single","port",3964,3964,2.56231501551724e-05,0.002,"none"
"flewelling_3pt","tip cubic volume","double","port",0,0,,1e-12,"segmentation_not_available 3964"
"flewelling_3pt","tip cubic volume","single","port",0,0,,0.002,"segmentation_not_available 3964"
"flewelling_3pt","total cubic volume","double","port",3964,3964,2.21698201485211e-16,1e-12,"invalid_conditioning 601"
"flewelling_3pt","total cubic volume","single","port",3964,3964,0.0017513536947791,0.002,"invalid_conditioning 601"
"nsvb","biomass, 30 values per row","double","port",2936,2936,1.8353205173092e-14,2e-12,"none"
"nsvb","biomass, 30 values per row","single","port",2936,2936,0.000962341307891877,0.001,"none"
"nsvb","carbon fraction","double","nvel",1,1,0,0,"none"
"nsvb","DIB","double","port",26755,26755,0,2e-04,"none"
"nsvb","DIB","single","port",26755,26755,5.85876378954011e-07,3e-04,"none"
"nsvb","DOB","double","nvel",26755,26755,0,0,"none"
"nsvb","DOB","single","nvel",26755,26755,0,0,"none"
"nsvb","height at DIB","double","port",26476,26476,0,4e-05,"above_contract_stump_diameter 279"
"nsvb","height at DIB","single","port",26476,26476,0.000203252494937583,0.002,"above_contract_stump_diameter 279"
"nsvb","stump cubic volume","double","port",2523,2523,0,1e-12,"none"
"nsvb","stump cubic volume","single","port",2523,2523,5.21354649780966e-06,0.002,"none"
"nsvb","tip cubic volume","double","port",2523,2523,0,1e-12,"none"
"nsvb","tip cubic volume","single","port",2523,2523,2.52889653748426e-05,0.002,"none"
"nsvb","total cubic volume","double","port",2523,2523,0,1e-12,"none"
"nsvb","total cubic volume","single","port",2523,2523,5.03644798444346e-07,0.002,"none"
"r1_taper","DIB","double","port",5119,5119,0,2e-12,"nonfinite_oracle 205"
"r1_taper","DIB","single","port",5119,5119,7.56783772649063e-07,3e-04,"nonfinite_oracle 205"
"r1_taper","height at DIB","double","nvel",2625,2625,9.08068633005325e-06,4e-05,"source_domain_status 1986, at_or_below_contract_stump   12"
"r1_taper","height at DIB","single","nvel",2625,2625,9.75268949906157e-06,0.002,"source_domain_status 1986, at_or_below_contract_stump   12"
"r1_taper","stump cubic volume","double","port",592,592,0,1e-12,"none"
"r1_taper","stump cubic volume","single","port",592,592,6.79716027492616e-07,0.002,"none"
"r1_taper","tip cubic volume","double","port",0,0,,1e-12,"segmentation_not_available 592"
"r1_taper","tip cubic volume","single","port",0,0,,0.002,"segmentation_not_available 592"
"r1_taper","total cubic volume","double","port",592,592,2.19982271133158e-16,1e-12,"none"
"r1_taper","total cubic volume","single","port",592,592,7.10973673858538e-08,0.002,"none"
"r10_taper","cedar equality height at DIB","double","nvel",2,2,0,1e-10,"none"
"r10_taper","cedar equality height at DIB","single","nvel",2,2,5.25307456540145e-07,0.001,"none"
"r10_taper","DIB","double","port",19499,19499,5.04925048314969e-15,1e-12,"missing_bru_dispatch 14170"
"r10_taper","DIB","single","port",19499,19499,3.07542058250475e-06,5e-06,"missing_bru_dispatch 14170"
"r10_taper","height at DIB","double","nvel",3833,3833,0,0,"outside_omitted_species 25354"
"r10_taper","height at DIB","single","nvel",3833,3833,0,0,"outside_omitted_species 25354"
"r10_taper","height at DIB","double","port",13068,13068,5.61638711644955e-12,1e-10,"missing_bru_dispatch 12286, unsupported_dispatch_species  3833"
"r10_taper","height at DIB","single","port",13068,13068,0.000954322584215777,0.001,"missing_bru_dispatch 12286, unsupported_dispatch_species  3833"
"r10_taper","stump cubic volume","double","port",994,994,9.75144722869195e-16,1e-12,"output_derived_driver_difference 2850"
"r10_taper","stump cubic volume","single","port",1700,1700,0.00107262011727846,0.002,"output_derived_driver_difference 2144"
"r10_taper","tip cubic volume","double","port",0,0,,1e-12,"segmentation_not_available 3844"
"r10_taper","tip cubic volume","single","port",0,0,,0.002,"segmentation_not_available 3844"
"r10_taper","total cubic volume","double","port",3194,3194,2.98595765692508e-16,1e-12,"missing_bru_dispatch 650"
"r10_taper","total cubic volume","single","port",3194,3194,2.84030414174749e-07,0.002,"missing_bru_dispatch 650"
"r12_taper","DIB","double","port",3547,3547,0,2e-12,"none"
"r12_taper","DIB","single","port",3547,3547,9.27193167451651e-08,3e-04,"none"
"r12_taper","height at DIB","double","nvel",3074,3074,0,4e-05,"none"
"r12_taper","height at DIB","single","nvel",3074,3074,0,0.002,"none"
"r12_taper","stump cubic volume","double","port",0,0,,1e-12,"library_nonzero_errflag 395"
"r12_taper","stump cubic volume","single","port",0,0,,0.002,"library_nonzero_errflag 395"
"r12_taper","tip cubic volume","double","port",0,0,,1e-12,"library_nonzero_errflag 395"
"r12_taper","tip cubic volume","single","port",0,0,,0.002,"library_nonzero_errflag 395"
"r12_taper","total cubic volume","double","port",0,0,,1e-12,"library_nonzero_errflag 395"
"r12_taper","total cubic volume","single","port",0,0,,0.002,"library_nonzero_errflag 395"
"r2_taper","DIB","double","port",7075,7075,2.62679376748064e-15,2e-12,"nonzero_errflag 7086"
"r2_taper","DIB","single","port",7075,7075,3.16317089926734e-07,3e-04,"nonzero_errflag 7086"
"r2_taper","height at DIB","double","nvel",6150,6150,0,4e-05,"nonzero_errflag 6147"
"r2_taper","height at DIB","single","nvel",6150,6150,4.93827137492148e-08,0.002,"nonzero_errflag 6147"
"r2_taper","stump cubic volume","double","port",804,804,0,1e-12,"library_nonzero_errflag 808"
"r2_taper","stump cubic volume","single","port",804,804,3.25602926426999e-07,0.002,"library_nonzero_errflag 808"
"r2_taper","tip cubic volume","double","port",0,0,,1e-12,"library_nonzero_errflag 808, segmentation_not_available 804"
"r2_taper","tip cubic volume","single","port",0,0,,0.002,"library_nonzero_errflag 808, segmentation_not_available 804"
"r2_taper","total cubic volume","double","port",804,804,2.21698201485211e-16,1e-12,"library_nonzero_errflag 808"
"r2_taper","total cubic volume","single","port",804,804,7.16510851607109e-08,0.002,"library_nonzero_errflag 808"
"r4_driver","DIB","double","port",17678,17678,1.25844065748461e-15,1e-12,"none"
"r4_driver","DIB","single","port",17678,17678,1.15081889181225e-06,5e-06,"none"
"r4_driver","height at DIB","double","port",15211,15211,4.80366822327387e-12,1e-10,"zero_outside_contract 125"
"r4_driver","height at DIB","single","port",15209,15209,0.000148745538620345,0.001,"zero_outside_contract 125, nonfinite_oracle   2"
"r4_driver","stump cubic volume","double","port",2012,2012,0,1e-12,"none"
"r4_driver","stump cubic volume","single","port",2012,2012,3.14229748775882e-07,0.002,"none"
"r4_driver","tip cubic volume","double","port",0,0,,1e-12,"segmentation_not_available 2012"
"r4_driver","tip cubic volume","single","port",0,0,,0.002,"segmentation_not_available 2012"
"r4_driver","total cubic volume","double","port",2012,2012,3.70490026364041e-16,1e-12,"none"
"r4_driver","total cubic volume","single","port",2012,2012,3.79892190016599e-07,0.002,"none"
"r5_taper","DIB","double","port",15950,15950,0,2e-12,"nonfinite_oracle 20"
"r5_taper","DIB","single","port",15950,15950,2.34052820140112e-06,3e-04,"nonfinite_oracle 20"
"r5_taper","height at DIB","double","nvel",13856,13856,0,4e-05,"none"
"r5_taper","height at DIB","single","nvel",13856,13856,4.93827137492148e-08,0.002,"none"
"r5_taper","stump cubic volume","double","port",1810,1810,0,1e-12,"none"
"r5_taper","stump cubic volume","single","port",1810,1810,1.4499107007927e-07,0.002,"none"
"r5_taper","tip cubic volume","double","port",0,0,,1e-12,"segmentation_not_available 1810"
"r5_taper","tip cubic volume","single","port",0,0,,0.002,"segmentation_not_available 1810"
"r5_taper","total cubic volume","double","port",1810,1810,2.20836903111142e-16,1e-12,"none"
"r5_taper","total cubic volume","single","port",1810,1810,7.05521422143064e-08,0.002,"none"
