"family","source_file","source_line_start","source_line_end","target","ordinal","literal","value_numeric","upstream_commit"
"r10","r10tap.f",36,38,"spruce_shape",1,"1.5",1.5,"38548071d5aa652bb90c7f111f86b427f798a1c9"
"r10","r10tap.f",36,38,"spruce_h1",1,"-.0052554",-0.0052554,"38548071d5aa652bb90c7f111f86b427f798a1c9"
"r10","r10tap.f",36,38,"spruce_h2",1,"0.000034947",3.4947e-05,"38548071d5aa652bb90c7f111f86b427f798a1c9"
"r10","r10tap.f",36,38,"spruce_hd",1,"0.104477",0.104477,"38548071d5aa652bb90c7f111f86b427f798a1c9"
"r10","r10tap.f",36,38,"spruce_d2",1,"7.76807",7.76807,"38548071d5aa652bb90c7f111f86b427f798a1c9"
"r10","r10tap.f",36,38,"spruce_h2_tail",1,"- 0.0000094852",-9.4852e-06,"38548071d5aa652bb90c7f111f86b427f798a1c9"
"r10","r10tap.f",36,38,"spruce_hd_tail",1,"- 0.011351",-0.011351,"38548071d5aa652bb90c7f111f86b427f798a1c9"
"r10","r10tap.f",43,43,"spruce_bark_0",1,"0.8467",0.8467,"38548071d5aa652bb90c7f111f86b427f798a1c9"
"r10","r10tap.f",43,43,"spruce_bark_d",1,"0.0009144",0.0009144,"38548071d5aa652bb90c7f111f86b427f798a1c9"
"r10","r10tap.f",43,43,"spruce_bark_h",1,"0.0003568",0.0003568,"38548071d5aa652bb90c7f111f86b427f798a1c9"
"r10","r10tap.f",51,54,"redcedar_d2",1,"5.17703194",5.17703194,"38548071d5aa652bb90c7f111f86b427f798a1c9"
"r10","r10tap.f",51,54,"redcedar_d",1,"- 0.12516819",-0.12516819,"38548071d5aa652bb90c7f111f86b427f798a1c9"
"r10","r10tap.f",51,54,"redcedar_h",1,"0.02537037",0.02537037,"38548071d5aa652bb90c7f111f86b427f798a1c9"
"r10","r10tap.f",51,54,"redcedar_h2",1,"- 0.00004193",-4.193e-05,"38548071d5aa652bb90c7f111f86b427f798a1c9"
"r10","r10tap.f",51,54,"redcedar_d_sq",1,"0.00155481",0.00155481,"38548071d5aa652bb90c7f111f86b427f798a1c9"
"r10","r10tap.f",51,54,"redcedar_h2_tail",1,"-0.00002070",-2.07e-05,"38548071d5aa652bb90c7f111f86b427f798a1c9"
"r10","r10tap.f",51,54,"redcedar_d2_tail",1,"0.24125235",0.24125235,"38548071d5aa652bb90c7f111f86b427f798a1c9"
"r10","r10tap.f",58,58,"redcedar_bark_0",1,"0.86031485",0.86031485,"38548071d5aa652bb90c7f111f86b427f798a1c9"
"r10","r10tap.f",58,58,"redcedar_bark_h",1,"0.00059638",0.00059638,"38548071d5aa652bb90c7f111f86b427f798a1c9"
"r10","r10tap.f",58,58,"redcedar_bark_d_inv",1,"- 0.18335961",-0.18335961,"38548071d5aa652bb90c7f111f86b427f798a1c9"
"r10","r10tap.f",67,70,"alaska_cedar_d",1,"-0.02834001",-0.02834001,"38548071d5aa652bb90c7f111f86b427f798a1c9"
"r10","r10tap.f",67,70,"alaska_cedar_h2",1,"0.00007123",7.123e-05,"38548071d5aa652bb90c7f111f86b427f798a1c9"
"r10","r10tap.f",67,70,"alaska_cedar_hd",1,"0.06709114",0.06709114,"38548071d5aa652bb90c7f111f86b427f798a1c9"
"r10","r10tap.f",67,70,"alaska_cedar_d_tail",1,".00282021",0.00282021,"38548071d5aa652bb90c7f111f86b427f798a1c9"
"r10","r10tap.f",67,70,"alaska_cedar_h2_tail",1,"- 0.00002277",-2.277e-05,"38548071d5aa652bb90c7f111f86b427f798a1c9"
"r10","r10tap.f",67,70,"alaska_cedar_d2_tail",1,"1.06064717",1.06064717,"38548071d5aa652bb90c7f111f86b427f798a1c9"
"r10","r10tap.f",67,70,"alaska_cedar_hd_tail",1,"- 0.00528349",-0.00528349,"38548071d5aa652bb90c7f111f86b427f798a1c9"
"r10","r10tap.f",74,74,"alaska_cedar_bark_0",1,"0.95866817",0.95866817,"38548071d5aa652bb90c7f111f86b427f798a1c9"
"r10","r10tap.f",74,74,"alaska_cedar_bark_d",1,"0.00064402",0.00064402,"38548071d5aa652bb90c7f111f86b427f798a1c9"
"r10","r10tap.f",74,74,"alaska_cedar_bark_h_inv",1,"- 3.1299972",-3.1299972,"38548071d5aa652bb90c7f111f86b427f798a1c9"
"r10","r10tap.f",79,84,"alder_0",1,"0.91274",0.91274,"38548071d5aa652bb90c7f111f86b427f798a1c9"
"r10","r10tap.f",79,84,"alder_d",1,"1.9758",1.9758,"38548071d5aa652bb90c7f111f86b427f798a1c9"
"r10","r10tap.f",79,84,"alder_h",1,"8.2375",8.2375,"38548071d5aa652bb90c7f111f86b427f798a1c9"
"r10","r10tap.f",79,84,"alder_hd",1,"4.964",4.964,"38548071d5aa652bb90c7f111f86b427f798a1c9"
"r10","r10tap.f",79,84,"alder_sqrt_h",1,"3.773",3.773,"38548071d5aa652bb90c7f111f86b427f798a1c9"
"r10","r10tap.f",79,84,"alder_h2",1,"7.417",7.417,"38548071d5aa652bb90c7f111f86b427f798a1c9"
"r10","r10vol.f",109,113,"fstgro_short_0",1,"0.406098",0.406098,"38548071d5aa652bb90c7f111f86b427f798a1c9"
"r10","r10vol.f",109,113,"fstgro_short_d",1,"- 0.0762998",-0.0762998,"38548071d5aa652bb90c7f111f86b427f798a1c9"
"r10","r10vol.f",109,113,"fstgro_short_dh",1,"0.00262615",0.00262615,"38548071d5aa652bb90c7f111f86b427f798a1c9"
"r10","r10vol.f",115,116,"fstgro_tall_0",1,"0.480961",0.480961,"38548071d5aa652bb90c7f111f86b427f798a1c9"
"r10","r10vol.f",115,116,"fstgro_tall_h2",1,"42.46542",42.46542,"38548071d5aa652bb90c7f111f86b427f798a1c9"
"r10","r10vol.f",115,116,"fstgro_tall_dh2",1,"- 10.99643",-10.99643,"38548071d5aa652bb90c7f111f86b427f798a1c9"
"r10","r10vol.f",115,116,"fstgro_tall_dh",1,"- 0.107809",-0.107809,"38548071d5aa652bb90c7f111f86b427f798a1c9"
"r10","r10vol.f",115,116,"fstgro_tall_d",1,"- 0.00409083",-0.00409083,"38548071d5aa652bb90c7f111f86b427f798a1c9"
"r10","r10vol.f",118,118,"fstgro_scale",1,"0.005454154",0.005454154,"38548071d5aa652bb90c7f111f86b427f798a1c9"
"r10","r10vol.f",143,143,"secgro_0",1,"-5.577",-5.577,"38548071d5aa652bb90c7f111f86b427f798a1c9"
"r10","r10vol.f",143,143,"secgro_d",1,"1.9067",1.9067,"38548071d5aa652bb90c7f111f86b427f798a1c9"
"r10","r10vol.f",143,143,"secgro_h",1,"0.9416",0.9416,"38548071d5aa652bb90c7f111f86b427f798a1c9"
"r10","r10vol1.f",1005,1005,"r10tc_pi",1,"3.1416",3.1416,"38548071d5aa652bb90c7f111f86b427f798a1c9"
"r10","r10vol1.f",1012,1012,"r10tc_smalian",1,".00272708",0.00272708,"38548071d5aa652bb90c7f111f86b427f798a1c9"
"r4_driver","r4vol.f",559,576,"CFCOEF(20,7)",1,"0.5563",0.5563,"38548071d5aa652bb90c7f111f86b427f798a1c9"
"r4_driver","r4vol.f",559,576,"CFCOEF(20,7)",2,"0.4496",0.4496,"38548071d5aa652bb90c7f111f86b427f798a1c9"
"r4_driver","r4vol.f",559,576,"CFCOEF(20,7)",3,"0.2359",0.2359,"38548071d5aa652bb90c7f111f86b427f798a1c9"
"r4_driver","r4vol.f",559,576,"CFCOEF(20,7)",4,"0.8435",0.8435,"38548071d5aa652bb90c7f111f86b427f798a1c9"
"r4_driver","r4vol.f",559,576,"CFCOEF(20,7)",5,"1.1152",1.1152,"38548071d5aa652bb90c7f111f86b427f798a1c9"
"r4_driver","r4vol.f",559,576,"CFCOEF(20,7)",6,"0.5405",0.5405,"38548071d5aa652bb90c7f111f86b427f798a1c9"
"r4_driver","r4vol.f",559,576,"CFCOEF(20,7)",7,"1.2552",1.2552,"38548071d5aa652bb90c7f111f86b427f798a1c9"
"r4_driver","r4vol.f",559,576,"CFCOEF(20,7)",8,"0.4302",0.4302,"38548071d5aa652bb90c7f111f86b427f798a1c9"
"r4_driver","r4vol.f",559,576,"CFCOEF(20,7)",9,"0.4727",0.4727,"38548071d5aa652bb90c7f111f86b427f798a1c9"
"r4_driver","r4vol.f",559,576,"CFCOEF(20,7)",10,"2.0461",2.0461,"38548071d5aa652bb90c7f111f86b427f798a1c9"
"r4_driver","r4vol.f",559,576,"CFCOEF(20,7)",11,"0.6294",0.6294,"38548071d5aa652bb90c7f111f86b427f798a1c9"
"r4_driver","r4vol.f",559,576,"CFCOEF(20,7)",12,"1.2467",1.2467,"38548071d5aa652bb90c7f111f86b427f798a1c9"
"r4_driver","r4vol.f",559,576,"CFCOEF(20,7)",13,"0.5334",0.5334,"38548071d5aa652bb90c7f111f86b427f798a1c9"
"r4_driver","r4vol.f",559,576,"CFCOEF(20,7)",14,"0.5301",0.5301,"38548071d5aa652bb90c7f111f86b427f798a1c9"
"r4_driver","r4vol.f",559,576,"CFCOEF(20,7)",15,"0.8315",0.8315,"38548071d5aa652bb90c7f111f86b427f798a1c9"
"r4_driver","r4vol.f",559,576,"CFCOEF(20,7)",16,"0.5028",0.5028,"38548071d5aa652bb90c7f111f86b427f798a1c9"
"r4_driver","r4vol.f",559,576,"CFCOEF(20,7)",17,"0.7572",0.7572,"38548071d5aa652bb90c7f111f86b427f798a1c9"
"r4_driver","r4vol.f",559,576,"CFCOEF(20,7)",18,"0.6310",0.631,"38548071d5aa652bb90c7f111f86b427f798a1c9"
"r4_driver","r4vol.f",559,576,"CFCOEF(20,7)",19,"0.4850",0.485,"38548071d5aa652bb90c7f111f86b427f798a1c9"
"r4_driver","r4vol.f",559,576,"CFCOEF(20,7)",20,"0.6076",0.6076,"38548071d5aa652bb90c7f111f86b427f798a1c9"
"r4_driver","r4vol.f",559,576,"CFCOEF(20,7)",21,"-0.0636",-0.0636,"38548071d5aa652bb90c7f111f86b427f798a1c9"
"r4_driver","r4vol.f",559,576,"CFCOEF(20,7)",22,"-0.3956",-0.3956,"38548071d5aa652bb90c7f111f86b427f798a1c9"
"r4_driver","r4vol.f",559,576,"CFCOEF(20,7)",23,"-0.7237",-0.7237,"38548071d5aa652bb90c7f111f86b427f798a1c9"
"r4_driver","r4vol.f",559,576,"CFCOEF(20,7)",24,"-0.2800",-0.28,"38548071d5aa652bb90c7f111f86b427f798a1c9"
"r4_driver","r4vol.f",559,576,"CFCOEF(20,7)",25,"-0.3678",-0.3678,"38548071d5aa652bb90c7f111f86b427f798a1c9"
"r4_driver","r4vol.f",559,576,"CFCOEF(20,7)",26,"-0.5908",-0.5908,"38548071d5aa652bb90c7f111f86b427f798a1c9"
"r4_driver","r4vol.f",559,576,"CFCOEF(20,7)",27,"-0.1727",-0.1727,"38548071d5aa652bb90c7f111f86b427f798a1c9"
"r4_driver","r4vol.f",559,576,"CFCOEF(20,7)",28,"-0.5229",-0.5229,"38548071d5aa652bb90c7f111f86b427f798a1c9"
"r4_driver","r4vol.f",559,576,"CFCOEF(20,7)",29,"-0.0508",-0.0508,"38548071d5aa652bb90c7f111f86b427f798a1c9"
"r4_driver","r4vol.f",559,576,"CFCOEF(20,7)",30,"-0.5080",-0.508,"38548071d5aa652bb90c7f111f86b427f798a1c9"
"r4_driver","r4vol.f",559,576,"CFCOEF(20,7)",31,"-0.0939",-0.0939,"38548071d5aa652bb90c7f111f86b427f798a1c9"
"r4_driver","r4vol.f",559,576,"CFCOEF(20,7)",32,"-0.1615",-0.1615,"38548071d5aa652bb90c7f111f86b427f798a1c9"
"r4_driver","r4vol.f",559,576,"CFCOEF(20,7)",33,"-0.0071",-0.0071,"38548071d5aa652bb90c7f111f86b427f798a1c9"
"r4_driver","r4vol.f",559,576,"CFCOEF(20,7)",34,"0.2327",0.2327,"38548071d5aa652bb90c7f111f86b427f798a1c9"
"r4_driver","r4vol.f",559,576,"CFCOEF(20,7)",35,"0.0967",0.0967,"38548071d5aa652bb90c7f111f86b427f798a1c9"
"r4_driver","r4vol.f",559,576,"CFCOEF(20,7)",36,"-0.0942",-0.0942,"38548071d5aa652bb90c7f111f86b427f798a1c9"
"r4_driver","r4vol.f",559,576,"CFCOEF(20,7)",37,"-0.4527",-0.4527,"38548071d5aa652bb90c7f111f86b427f798a1c9"
"r4_driver","r4vol.f",559,576,"CFCOEF(20,7)",38,"-0.1026",-0.1026,"38548071d5aa652bb90c7f111f86b427f798a1c9"
"r4_driver","r4vol.f",559,576,"CFCOEF(20,7)",39,"-0.3636",-0.3636,"38548071d5aa652bb90c7f111f86b427f798a1c9"
"r4_driver","r4vol.f",559,576,"CFCOEF(20,7)",40,"-0.1730",-0.173,"38548071d5aa652bb90c7f111f86b427f798a1c9"
"r4_driver","r4vol.f",559,576,"CFCOEF(20,7)",41,"0.9900",0.99,"38548071d5aa652bb90c7f111f86b427f798a1c9"
"r4_driver","r4vol.f",559,576,"CFCOEF(20,7)",42,"1.2756",1.2756,"38548071d5aa652bb90c7f111f86b427f798a1c9"
"r4_driver","r4vol.f",559,576,"CFCOEF(20,7)",43,"1.6343",1.6343,"38548071d5aa652bb90c7f111f86b427f798a1c9"
"r4_driver","r4vol.f",559,576,"CFCOEF(20,7)",44,"1.0264",1.0264,"38548071d5aa652bb90c7f111f86b427f798a1c9"
"r4_driver","r4vol.f",559,576,"CFCOEF(20,7)",45,"0.9828",0.9828,"38548071d5aa652bb90c7f111f86b427f798a1c9"
"r4_driver","r4vol.f",559,576,"CFCOEF(20,7)",46,"1.3374",1.3374,"38548071d5aa652bb90c7f111f86b427f798a1c9"
"r4_driver","r4vol.f",559,576,"CFCOEF(20,7)",47,"0.9435",0.9435,"38548071d5aa652bb90c7f111f86b427f798a1c9"
"r4_driver","r4vol.f",559,576,"CFCOEF(20,7)",48,"1.3824",1.3824,"38548071d5aa652bb90c7f111f86b427f798a1c9"
"r4_driver","r4vol.f",559,576,"CFCOEF(20,7)",49,"1.0615",1.0615,"38548071d5aa652bb90c7f111f86b427f798a1c9"
"r4_driver","r4vol.f",559,576,"CFCOEF(20,7)",50,"0.9113",0.9113,"38548071d5aa652bb90c7f111f86b427f798a1c9"
"r4_driver","r4vol.f",559,576,"CFCOEF(20,7)",51,"0.9886",0.9886,"38548071d5aa652bb90c7f111f86b427f798a1c9"
"r4_driver","r4vol.f",559,576,"CFCOEF(20,7)",52,"0.9013",0.9013,"38548071d5aa652bb90c7f111f86b427f798a1c9"
"r4_driver","r4vol.f",559,576,"CFCOEF(20,7)",53,"1.0127",1.0127,"38548071d5aa652bb90c7f111f86b427f798a1c9"
"r4_driver","r4vol.f",559,576,"CFCOEF(20,7)",54,"0.8748",0.8748,"38548071d5aa652bb90c7f111f86b427f798a1c9"
"r4_driver","r4vol.f",559,576,"CFCOEF(20,7)",55,"0.8293",0.8293,"38548071d5aa652bb90c7f111f86b427f798a1c9"
"r4_driver","r4vol.f",559,576,"CFCOEF(20,7)",56,"1.0600",1.06,"38548071d5aa652bb90c7f111f86b427f798a1c9"
"r4_driver","r4vol.f",559,576,"CFCOEF(20,7)",57,"1.1502",1.1502,"38548071d5aa652bb90c7f111f86b427f798a1c9"
"r4_driver","r4vol.f",559,576,"CFCOEF(20,7)",58,"1.0230",1.023,"38548071d5aa652bb90c7f111f86b427f798a1c9"
"r4_driver","r4vol.f",559,576,"CFCOEF(20,7)",59,"1.2324",1.2324,"38548071d5aa652bb90c7f111f86b427f798a1c9"
"r4_driver","r4vol.f",559,576,"CFCOEF(20,7)",60,"1.0585",1.0585,"38548071d5aa652bb90c7f111f86b427f798a1c9"
"r4_driver","r4vol.f",559,576,"CFCOEF(20,7)",61,"-0.2",-0.2,"38548071d5aa652bb90c7f111f86b427f798a1c9"
"r4_driver","r4vol.f",559,576,"CFCOEF(20,7)",62,"-0.041",-0.041,"38548071d5aa652bb90c7f111f86b427f798a1c9"
"r4_driver","r4vol.f",559,576,"CFCOEF(20,7)",63,"-0.041",-0.041,"38548071d5aa652bb90c7f111f86b427f798a1c9"
"r4_driver","r4vol.f",559,576,"CFCOEF(20,7)",64,"-0.041",-0.041,"38548071d5aa652bb90c7f111f86b427f798a1c9"
"r4_driver","r4vol.f",559,576,"CFCOEF(20,7)",65,"-0.191",-0.191,"38548071d5aa652bb90c7f111f86b427f798a1c9"
"r4_driver","r4vol.f",559,576,"CFCOEF(20,7)",66,"-0.191",-0.191,"38548071d5aa652bb90c7f111f86b427f798a1c9"
"r4_driver","r4vol.f",559,576,"CFCOEF(20,7)",67,"-0.131",-0.131,"38548071d5aa652bb90c7f111f86b427f798a1c9"
"r4_driver","r4vol.f",559,576,"CFCOEF(20,7)",68,"-0.131",-0.131,"38548071d5aa652bb90c7f111f86b427f798a1c9"
"r4_driver","r4vol.f",559,576,"CFCOEF(20,7)",69,"-0.159",-0.159,"38548071d5aa652bb90c7f111f86b427f798a1c9"
"r4_driver","r4vol.f",559,576,"CFCOEF(20,7)",70,"-0.041",-0.041,"38548071d5aa652bb90c7f111f86b427f798a1c9"
"r4_driver","r4vol.f",559,576,"CFCOEF(20,7)",71,"-0.488",-0.488,"38548071d5aa652bb90c7f111f86b427f798a1c9"
"r4_driver","r4vol.f",559,576,"CFCOEF(20,7)",72,"-0.200",-0.2,"38548071d5aa652bb90c7f111f86b427f798a1c9"
"r4_driver","r4vol.f",559,576,"CFCOEF(20,7)",73,"-0.200",-0.2,"38548071d5aa652bb90c7f111f86b427f798a1c9"
"r4_driver","r4vol.f",559,576,"CFCOEF(20,7)",74,"-0.365",-0.365,"38548071d5aa652bb90c7f111f86b427f798a1c9"
"r4_driver","r4vol.f",559,576,"CFCOEF(20,7)",75,"-0.365",-0.365,"38548071d5aa652bb90c7f111f86b427f798a1c9"
"r4_driver","r4vol.f",559,576,"CFCOEF(20,7)",76,"-0.365",-0.365,"38548071d5aa652bb90c7f111f86b427f798a1c9"
"r4_driver","r4vol.f",559,576,"CFCOEF(20,7)",77,"-0.143",-0.143,"38548071d5aa652bb90c7f111f86b427f798a1c9"
"r4_driver","r4vol.f",559,576,"CFCOEF(20,7)",78,"-0.143",-0.143,"38548071d5aa652bb90c7f111f86b427f798a1c9"
"r4_driver","r4vol.f",559,576,"CFCOEF(20,7)",79,"0.000",0,"38548071d5aa652bb90c7f111f86b427f798a1c9"
"r4_driver","r4vol.f",559,576,"CFCOEF(20,7)",80,"-0.153",-0.153,"38548071d5aa652bb90c7f111f86b427f798a1c9"
"r4_driver","r4vol.f",559,576,"CFCOEF(20,7)",81,"0.964",0.964,"38548071d5aa652bb90c7f111f86b427f798a1c9"
"r4_driver","r4vol.f",559,576,"CFCOEF(20,7)",82,"0.884",0.884,"38548071d5aa652bb90c7f111f86b427f798a1c9"
"r4_driver","r4vol.f",559,576,"CFCOEF(20,7)",83,"0.884",0.884,"38548071d5aa652bb90c7f111f86b427f798a1c9"
"r4_driver","r4vol.f",559,576,"CFCOEF(20,7)",84,"0.884",0.884,"38548071d5aa652bb90c7f111f86b427f798a1c9"
"r4_driver","r4vol.f",559,576,"CFCOEF(20,7)",85,"0.943",0.943,"38548071d5aa652bb90c7f111f86b427f798a1c9"
"r4_driver","r4vol.f",559,576,"CFCOEF(20,7)",86,"0.943",0.943,"38548071d5aa652bb90c7f111f86b427f798a1c9"
"r4_driver","r4vol.f",559,576,"CFCOEF(20,7)",87,"0.886",0.886,"38548071d5aa652bb90c7f111f86b427f798a1c9"
"r4_driver","r4vol.f",559,576,"CFCOEF(20,7)",88,"0.886",0.886,"38548071d5aa652bb90c7f111f86b427f798a1c9"
"r4_driver","r4vol.f",559,576,"CFCOEF(20,7)",89,"0.832",0.832,"38548071d5aa652bb90c7f111f86b427f798a1c9"
"r4_driver","r4vol.f",559,576,"CFCOEF(20,7)",90,"0.884",0.884,"38548071d5aa652bb90c7f111f86b427f798a1c9"
"r4_driver","r4vol.f",559,576,"CFCOEF(20,7)",91,"0.894",0.894,"38548071d5aa652bb90c7f111f86b427f798a1c9"
"r4_driver","r4vol.f",559,576,"CFCOEF(20,7)",92,"0.964",0.964,"38548071d5aa652bb90c7f111f86b427f798a1c9"
"r4_driver","r4vol.f",559,576,"CFCOEF(20,7)",93,"0.964",0.964,"38548071d5aa652bb90c7f111f86b427f798a1c9"
"r4_driver","r4vol.f",559,576,"CFCOEF(20,7)",94,"0.887",0.887,"38548071d5aa652bb90c7f111f86b427f798a1c9"
"r4_driver","r4vol.f",559,576,"CFCOEF(20,7)",95,"0.887",0.887,"38548071d5aa652bb90c7f111f86b427f798a1c9"
"r4_driver","r4vol.f",559,576,"CFCOEF(20,7)",96,"0.887",0.887,"38548071d5aa652bb90c7f111f86b427f798a1c9"
"r4_driver","r4vol.f",559,576,"CFCOEF(20,7)",97,"0.933",0.933,"38548071d5aa652bb90c7f111f86b427f798a1c9"
"r4_driver","r4vol.f",559,576,"CFCOEF(20,7)",98,"0.933",0.933,"38548071d5aa652bb90c7f111f86b427f798a1c9"
"r4_driver","r4vol.f",559,576,"CFCOEF(20,7)",99,"0.887",0.887,"38548071d5aa652bb90c7f111f86b427f798a1c9"
"r4_driver","r4vol.f",559,576,"CFCOEF(20,7)",100,"0.883",0.883,"38548071d5aa652bb90c7f111f86b427f798a1c9"
"r4_driver","r4vol.f",559,576,"CFCOEF(20,7)",101,"-0.201",-0.201,"38548071d5aa652bb90c7f111f86b427f798a1c9"
"r4_driver","r4vol.f",559,576,"CFCOEF(20,7)",102,"-0.041",-0.041,"38548071d5aa652bb90c7f111f86b427f798a1c9"
"r4_driver","r4vol.f",559,576,"CFCOEF(20,7)",103,"-0.041",-0.041,"38548071d5aa652bb90c7f111f86b427f798a1c9"
"r4_driver","r4vol.f",559,576,"CFCOEF(20,7)",104,"-0.041",-0.041,"38548071d5aa652bb90c7f111f86b427f798a1c9"
"r4_driver","r4vol.f",559,576,"CFCOEF(20,7)",105,"-0.192",-0.192,"38548071d5aa652bb90c7f111f86b427f798a1c9"
"r4_driver","r4vol.f",559,576,"CFCOEF(20,7)",106,"-0.192",-0.192,"38548071d5aa652bb90c7f111f86b427f798a1c9"
"r4_driver","r4vol.f",559,576,"CFCOEF(20,7)",107,"-0.159",-0.159,"38548071d5aa652bb90c7f111f86b427f798a1c9"
"r4_driver","r4vol.f",559,576,"CFCOEF(20,7)",108,"-0.159",-0.159,"38548071d5aa652bb90c7f111f86b427f798a1c9"
"r4_driver","r4vol.f",559,576,"CFCOEF(20,7)",109,"-0.055",-0.055,"38548071d5aa652bb90c7f111f86b427f798a1c9"
"r4_driver","r4vol.f",559,576,"CFCOEF(20,7)",110,"-0.041",-0.041,"38548071d5aa652bb90c7f111f86b427f798a1c9"
"r4_driver","r4vol.f",559,576,"CFCOEF(20,7)",111,"-0.445",-0.445,"38548071d5aa652bb90c7f111f86b427f798a1c9"
"r4_driver","r4vol.f",559,576,"CFCOEF(20,7)",112,"-0.201",-0.201,"38548071d5aa652bb90c7f111f86b427f798a1c9"
"r4_driver","r4vol.f",559,576,"CFCOEF(20,7)",113,"-0.201",-0.201,"38548071d5aa652bb90c7f111f86b427f798a1c9"
"r4_driver","r4vol.f",559,576,"CFCOEF(20,7)",114,"-0.367",-0.367,"38548071d5aa652bb90c7f111f86b427f798a1c9"
"r4_driver","r4vol.f",559,576,"CFCOEF(20,7)",115,"-0.367",-0.367,"38548071d5aa652bb90c7f111f86b427f798a1c9"
"r4_driver","r4vol.f",559,576,"CFCOEF(20,7)",116,"-0.367",-0.367,"38548071d5aa652bb90c7f111f86b427f798a1c9"
"r4_driver","r4vol.f",559,576,"CFCOEF(20,7)",117,"-0.144",-0.144,"38548071d5aa652bb90c7f111f86b427f798a1c9"
"r4_driver","r4vol.f",559,576,"CFCOEF(20,7)",118,"-0.144",-0.144,"38548071d5aa652bb90c7f111f86b427f798a1c9"
"r4_driver","r4vol.f",559,576,"CFCOEF(20,7)",119,"0.000",0,"38548071d5aa652bb90c7f111f86b427f798a1c9"
"r4_driver","r4vol.f",559,576,"CFCOEF(20,7)",120,"-0.143",-0.143,"38548071d5aa652bb90c7f111f86b427f798a1c9"
"r4_driver","r4vol.f",559,576,"CFCOEF(20,7)",121,"0.968",0.968,"38548071d5aa652bb90c7f111f86b427f798a1c9"
"r4_driver","r4vol.f",559,576,"CFCOEF(20,7)",122,"0.888",0.888,"38548071d5aa652bb90c7f111f86b427f798a1c9"
"r4_driver","r4vol.f",559,576,"CFCOEF(20,7)",123,"0.888",0.888,"38548071d5aa652bb90c7f111f86b427f798a1c9"
"r4_driver","r4vol.f",559,576,"CFCOEF(20,7)",124,"0.888",0.888,"38548071d5aa652bb90c7f111f86b427f798a1c9"
"r4_driver","r4vol.f",559,576,"CFCOEF(20,7)",125,"0.947",0.947,"38548071d5aa652bb90c7f111f86b427f798a1c9"
"r4_driver","r4vol.f",559,576,"CFCOEF(20,7)",126,"0.947",0.947,"38548071d5aa652bb90c7f111f86b427f798a1c9"
"r4_driver","r4vol.f",559,576,"CFCOEF(20,7)",127,"0.891",0.891,"38548071d5aa652bb90c7f111f86b427f798a1c9"
"r4_driver","r4vol.f",559,576,"CFCOEF(20,7)",128,"0.891",0.891,"38548071d5aa652bb90c7f111f86b427f798a1c9"
"r4_driver","r4vol.f",559,576,"CFCOEF(20,7)",129,"0.837",0.837,"38548071d5aa652bb90c7f111f86b427f798a1c9"
"r4_driver","r4vol.f",559,576,"CFCOEF(20,7)",130,"0.888",0.888,"38548071d5aa652bb90c7f111f86b427f798a1c9"
"r4_driver","r4vol.f",559,576,"CFCOEF(20,7)",131,"0.897",0.897,"38548071d5aa652bb90c7f111f86b427f798a1c9"
"r4_driver","r4vol.f",559,576,"CFCOEF(20,7)",132,"0.968",0.968,"38548071d5aa652bb90c7f111f86b427f798a1c9"
"r4_driver","r4vol.f",559,576,"CFCOEF(20,7)",133,"0.968",0.968,"38548071d5aa652bb90c7f111f86b427f798a1c9"
"r4_driver","r4vol.f",559,576,"CFCOEF(20,7)",134,"0.891",0.891,"38548071d5aa652bb90c7f111f86b427f798a1c9"
"r4_driver","r4vol.f",559,576,"CFCOEF(20,7)",135,"0.891",0.891,"38548071d5aa652bb90c7f111f86b427f798a1c9"
"r4_driver","r4vol.f",559,576,"CFCOEF(20,7)",136,"0.891",0.891,"38548071d5aa652bb90c7f111f86b427f798a1c9"
"r4_driver","r4vol.f",559,576,"CFCOEF(20,7)",137,"0.937",0.937,"38548071d5aa652bb90c7f111f86b427f798a1c9"
"r4_driver","r4vol.f",559,576,"CFCOEF(20,7)",138,"0.937",0.937,"38548071d5aa652bb90c7f111f86b427f798a1c9"
"r4_driver","r4vol.f",559,576,"CFCOEF(20,7)",139,"0.893",0.893,"38548071d5aa652bb90c7f111f86b427f798a1c9"
"r4_driver","r4vol.f",559,576,"CFCOEF(20,7)",140,"0.886",0.886,"38548071d5aa652bb90c7f111f86b427f798a1c9"
