"species","id","family","source_file","upstream_commit"
0,"616BEHW000","behre_taper","TREEVOLUME_FIXTURES/full/behre_taper.double.csv.gz","38548071d5aa652bb90c7f111f86b427f798a1c9"
231,"616BEHW231","behre_taper","TREEVOLUME_FIXTURES/full/behre_taper.double.csv.gz","38548071d5aa652bb90c7f111f86b427f798a1c9"
11,"B00BEHW011","blm_taper","TREEVOLUME_FIXTURES/full/blm_taper.double.csv.gz","38548071d5aa652bb90c7f111f86b427f798a1c9"
15,"B00BEHW015","blm_taper","TREEVOLUME_FIXTURES/full/blm_taper.double.csv.gz","38548071d5aa652bb90c7f111f86b427f798a1c9"
17,"B00BEHW017","blm_taper","TREEVOLUME_FIXTURES/full/blm_taper.double.csv.gz","38548071d5aa652bb90c7f111f86b427f798a1c9"
21,"B00BEHW021","blm_taper","TREEVOLUME_FIXTURES/full/blm_taper.double.csv.gz","38548071d5aa652bb90c7f111f86b427f798a1c9"
22,"B00BEHW022","blm_taper","TREEVOLUME_FIXTURES/full/blm_taper.double.csv.gz","38548071d5aa652bb90c7f111f86b427f798a1c9"
41,"B00BEHW041","blm_taper","TREEVOLUME_FIXTURES/full/blm_taper.double.csv.gz","38548071d5aa652bb90c7f111f86b427f798a1c9"
42,"B00BEHW042","blm_taper","TREEVOLUME_FIXTURES/full/blm_taper.double.csv.gz","38548071d5aa652bb90c7f111f86b427f798a1c9"
73,"B00BEHW073","blm_taper","TREEVOLUME_FIXTURES/full/blm_taper.double.csv.gz","38548071d5aa652bb90c7f111f86b427f798a1c9"
81,"B00BEHW081","blm_taper","TREEVOLUME_FIXTURES/full/blm_taper.double.csv.gz","38548071d5aa652bb90c7f111f86b427f798a1c9"
93,"B00BEHW093","blm_taper","TREEVOLUME_FIXTURES/full/blm_taper.double.csv.gz","38548071d5aa652bb90c7f111f86b427f798a1c9"
98,"B00BEHW098","blm_taper","TREEVOLUME_FIXTURES/full/blm_taper.double.csv.gz","38548071d5aa652bb90c7f111f86b427f798a1c9"
108,"B00BEHW108","blm_taper","TREEVOLUME_FIXTURES/full/blm_taper.double.csv.gz","38548071d5aa652bb90c7f111f86b427f798a1c9"
116,"B00BEHW116","blm_taper","TREEVOLUME_FIXTURES/full/blm_taper.double.csv.gz","38548071d5aa652bb90c7f111f86b427f798a1c9"
117,"B00BEHW117","blm_taper","TREEVOLUME_FIXTURES/full/blm_taper.double.csv.gz","38548071d5aa652bb90c7f111f86b427f798a1c9"
119,"B00BEHW119","blm_taper","TREEVOLUME_FIXTURES/full/blm_taper.double.csv.gz","38548071d5aa652bb90c7f111f86b427f798a1c9"
122,"B00BEHW122","blm_taper","TREEVOLUME_FIXTURES/full/blm_taper.double.csv.gz","38548071d5aa652bb90c7f111f86b427f798a1c9"
211,"B00BEHW211","blm_taper","TREEVOLUME_FIXTURES/full/blm_taper.double.csv.gz","38548071d5aa652bb90c7f111f86b427f798a1c9"
231,"B00BEHW231","blm_taper","TREEVOLUME_FIXTURES/full/blm_taper.double.csv.gz","38548071d5aa652bb90c7f111f86b427f798a1c9"
242,"B00BEHW242","blm_taper","TREEVOLUME_FIXTURES/full/blm_taper.double.csv.gz","38548071d5aa652bb90c7f111f86b427f798a1c9"
260,"B00BEHW260","blm_taper","TREEVOLUME_FIXTURES/full/blm_taper.double.csv.gz","38548071d5aa652bb90c7f111f86b427f798a1c9"
263,"B00BEHW263","blm_taper","TREEVOLUME_FIXTURES/full/blm_taper.double.csv.gz","38548071d5aa652bb90c7f111f86b427f798a1c9"
312,"B00BEHW312","blm_taper","TREEVOLUME_FIXTURES/full/blm_taper.double.csv.gz","38548071d5aa652bb90c7f111f86b427f798a1c9"
351,"B00BEHW351","blm_taper","TREEVOLUME_FIXTURES/full/blm_taper.double.csv.gz","38548071d5aa652bb90c7f111f86b427f798a1c9"
361,"B00BEHW361","blm_taper","TREEVOLUME_FIXTURES/full/blm_taper.double.csv.gz","38548071d5aa652bb90c7f111f86b427f798a1c9"
431,"B00BEHW431","blm_taper","TREEVOLUME_FIXTURES/full/blm_taper.double.csv.gz","38548071d5aa652bb90c7f111f86b427f798a1c9"
542,"B00BEHW542","blm_taper","TREEVOLUME_FIXTURES/full/blm_taper.double.csv.gz","38548071d5aa652bb90c7f111f86b427f798a1c9"
631,"B00BEHW631","blm_taper","TREEVOLUME_FIXTURES/full/blm_taper.double.csv.gz","38548071d5aa652bb90c7f111f86b427f798a1c9"
747,"B00BEHW747","blm_taper","TREEVOLUME_FIXTURES/full/blm_taper.double.csv.gz","38548071d5aa652bb90c7f111f86b427f798a1c9"
800,"B00BEHW800","blm_taper","TREEVOLUME_FIXTURES/full/blm_taper.double.csv.gz","38548071d5aa652bb90c7f111f86b427f798a1c9"
998,"B00BEHW998","blm_taper","TREEVOLUME_FIXTURES/full/blm_taper.double.csv.gz","38548071d5aa652bb90c7f111f86b427f798a1c9"
999,"B00BEHW999","blm_taper","TREEVOLUME_FIXTURES/full/blm_taper.double.csv.gz","38548071d5aa652bb90c7f111f86b427f798a1c9"
202,"B01BEHW202","blm_taper","TREEVOLUME_FIXTURES/full/blm_taper.double.csv.gz","38548071d5aa652bb90c7f111f86b427f798a1c9"
202,"B02BEHW202","blm_taper","TREEVOLUME_FIXTURES/full/blm_taper.double.csv.gz","38548071d5aa652bb90c7f111f86b427f798a1c9"
202,"B03BEHW202","blm_taper","TREEVOLUME_FIXTURES/full/blm_taper.double.csv.gz","38548071d5aa652bb90c7f111f86b427f798a1c9"
17,"100JB2W017","r1_taper","TREEVOLUME_FIXTURES/full/r1_taper.double.csv.gz","38548071d5aa652bb90c7f111f86b427f798a1c9"
19,"100JB2W019","r1_taper","TREEVOLUME_FIXTURES/full/r1_taper.double.csv.gz","38548071d5aa652bb90c7f111f86b427f798a1c9"
73,"100JB2W073","r1_taper","TREEVOLUME_FIXTURES/full/r1_taper.double.csv.gz","38548071d5aa652bb90c7f111f86b427f798a1c9"
108,"100JB2W108","r1_taper","TREEVOLUME_FIXTURES/full/r1_taper.double.csv.gz","38548071d5aa652bb90c7f111f86b427f798a1c9"
122,"100JB2W122","r1_taper","TREEVOLUME_FIXTURES/full/r1_taper.double.csv.gz","38548071d5aa652bb90c7f111f86b427f798a1c9"
202,"100JB2W202","r1_taper","TREEVOLUME_FIXTURES/full/r1_taper.double.csv.gz","38548071d5aa652bb90c7f111f86b427f798a1c9"
301,"H00SN2W301","r12_taper","TREEVOLUME_FIXTURES/full/r12_taper.double.csv.gz","38548071d5aa652bb90c7f111f86b427f798a1c9"
510,"H00SN2W510","r12_taper","TREEVOLUME_FIXTURES/full/r12_taper.double.csv.gz","38548071d5aa652bb90c7f111f86b427f798a1c9"
671,"H00SN2W671","r12_taper","TREEVOLUME_FIXTURES/full/r12_taper.double.csv.gz","38548071d5aa652bb90c7f111f86b427f798a1c9"
510,"H01SN2W510","r12_taper","TREEVOLUME_FIXTURES/full/r12_taper.double.csv.gz","38548071d5aa652bb90c7f111f86b427f798a1c9"
15,"200CZ2W015","r2_taper","TREEVOLUME_FIXTURES/full/r2_taper.double.csv.gz","38548071d5aa652bb90c7f111f86b427f798a1c9"
19,"200CZ2W019","r2_taper","TREEVOLUME_FIXTURES/full/r2_taper.double.csv.gz","38548071d5aa652bb90c7f111f86b427f798a1c9"
93,"200CZ2W093","r2_taper","TREEVOLUME_FIXTURES/full/r2_taper.double.csv.gz","38548071d5aa652bb90c7f111f86b427f798a1c9"
108,"200CZ2W108","r2_taper","TREEVOLUME_FIXTURES/full/r2_taper.double.csv.gz","38548071d5aa652bb90c7f111f86b427f798a1c9"
122,"200CZ2W122","r2_taper","TREEVOLUME_FIXTURES/full/r2_taper.double.csv.gz","38548071d5aa652bb90c7f111f86b427f798a1c9"
202,"200CZ2W202","r2_taper","TREEVOLUME_FIXTURES/full/r2_taper.double.csv.gz","38548071d5aa652bb90c7f111f86b427f798a1c9"
746,"200CZ2W746","r2_taper","TREEVOLUME_FIXTURES/full/r2_taper.double.csv.gz","38548071d5aa652bb90c7f111f86b427f798a1c9"
15,"200CZ3W015","r2_taper","TREEVOLUME_FIXTURES/full/r2_taper.double.csv.gz","38548071d5aa652bb90c7f111f86b427f798a1c9"
19,"200CZ3W019","r2_taper","TREEVOLUME_FIXTURES/full/r2_taper.double.csv.gz","38548071d5aa652bb90c7f111f86b427f798a1c9"
93,"200CZ3W093","r2_taper","TREEVOLUME_FIXTURES/full/r2_taper.double.csv.gz","38548071d5aa652bb90c7f111f86b427f798a1c9"
108,"200CZ3W108","r2_taper","TREEVOLUME_FIXTURES/full/r2_taper.double.csv.gz","38548071d5aa652bb90c7f111f86b427f798a1c9"
122,"200CZ3W122","r2_taper","TREEVOLUME_FIXTURES/full/r2_taper.double.csv.gz","38548071d5aa652bb90c7f111f86b427f798a1c9"
202,"200CZ3W202","r2_taper","TREEVOLUME_FIXTURES/full/r2_taper.double.csv.gz","38548071d5aa652bb90c7f111f86b427f798a1c9"
746,"200CZ3W746","r2_taper","TREEVOLUME_FIXTURES/full/r2_taper.double.csv.gz","38548071d5aa652bb90c7f111f86b427f798a1c9"
122,"203CZ2W122","r2_taper","TREEVOLUME_FIXTURES/full/r2_taper.double.csv.gz","38548071d5aa652bb90c7f111f86b427f798a1c9"
122,"203CZ3W122","r2_taper","TREEVOLUME_FIXTURES/full/r2_taper.double.csv.gz","38548071d5aa652bb90c7f111f86b427f798a1c9"
15,"500WO2W015","r5_taper","TREEVOLUME_FIXTURES/full/r5_taper.double.csv.gz","38548071d5aa652bb90c7f111f86b427f798a1c9"
20,"500WO2W020","r5_taper","TREEVOLUME_FIXTURES/full/r5_taper.double.csv.gz","38548071d5aa652bb90c7f111f86b427f798a1c9"
81,"500WO2W081","r5_taper","TREEVOLUME_FIXTURES/full/r5_taper.double.csv.gz","38548071d5aa652bb90c7f111f86b427f798a1c9"
108,"500WO2W108","r5_taper","TREEVOLUME_FIXTURES/full/r5_taper.double.csv.gz","38548071d5aa652bb90c7f111f86b427f798a1c9"
116,"500WO2W116","r5_taper","TREEVOLUME_FIXTURES/full/r5_taper.double.csv.gz","38548071d5aa652bb90c7f111f86b427f798a1c9"
117,"500WO2W117","r5_taper","TREEVOLUME_FIXTURES/full/r5_taper.double.csv.gz","38548071d5aa652bb90c7f111f86b427f798a1c9"
122,"500WO2W122","r5_taper","TREEVOLUME_FIXTURES/full/r5_taper.double.csv.gz","38548071d5aa652bb90c7f111f86b427f798a1c9"
202,"500WO2W202","r5_taper","TREEVOLUME_FIXTURES/full/r5_taper.double.csv.gz","38548071d5aa652bb90c7f111f86b427f798a1c9"
211,"500WO2W211","r5_taper","TREEVOLUME_FIXTURES/full/r5_taper.double.csv.gz","38548071d5aa652bb90c7f111f86b427f798a1c9"
15,"532WO2W015","r5_taper","TREEVOLUME_FIXTURES/full/r5_taper.double.csv.gz","38548071d5aa652bb90c7f111f86b427f798a1c9"
20,"532WO2W020","r5_taper","TREEVOLUME_FIXTURES/full/r5_taper.double.csv.gz","38548071d5aa652bb90c7f111f86b427f798a1c9"
81,"532WO2W081","r5_taper","TREEVOLUME_FIXTURES/full/r5_taper.double.csv.gz","38548071d5aa652bb90c7f111f86b427f798a1c9"
108,"532WO2W108","r5_taper","TREEVOLUME_FIXTURES/full/r5_taper.double.csv.gz","38548071d5aa652bb90c7f111f86b427f798a1c9"
116,"532WO2W116","r5_taper","TREEVOLUME_FIXTURES/full/r5_taper.double.csv.gz","38548071d5aa652bb90c7f111f86b427f798a1c9"
117,"532WO2W117","r5_taper","TREEVOLUME_FIXTURES/full/r5_taper.double.csv.gz","38548071d5aa652bb90c7f111f86b427f798a1c9"
122,"532WO2W122","r5_taper","TREEVOLUME_FIXTURES/full/r5_taper.double.csv.gz","38548071d5aa652bb90c7f111f86b427f798a1c9"
202,"532WO2W202","r5_taper","TREEVOLUME_FIXTURES/full/r5_taper.double.csv.gz","38548071d5aa652bb90c7f111f86b427f798a1c9"
211,"532WO2W211","r5_taper","TREEVOLUME_FIXTURES/full/r5_taper.double.csv.gz","38548071d5aa652bb90c7f111f86b427f798a1c9"
